state,generation,ready_ms,start_sql_ms,start_fixture_ms,crud_ms,total_cpu_s,close_ms,heap_alloc_bytes,heap_sys_bytes,rss_bytes,physical_footprint_bytes,fd,goroutines
released,1,36.148209,37.142667,40.551917,40.177167,0.086658,2.657666,2307094824,2314567680,131727360,98829368,5,1
released,2,46.387708,47.227542,50.33475,32.726625,0.08368500000000001,2.829416,2307102344,4461953024,357515264,324748680,5,1
released,3,51.922875,52.891917,56.618542,30.847917,0.094971,2.287708,2307118376,6609403904,440598528,407996024,5,1
released,4,212.27375,213.476708,217.370583,34.322708,0.26558,2.790917,2307104088,6609305600,2509062144,2477345672,5,1
released,5,355.455292,356.436917,359.554667,32.524583,0.2679520000000001,2.376167,2307141288,6609240064,2879700992,4546121880,5,1
released,6,328.474791,329.510083,332.815708,31.763167,0.31203099999999995,2.334458,2307161904,6609207296,2888220672,4546515096,5,1
released,7,326.304167,327.1245,330.247333,34.0925,0.2932429999999999,2.848708,2307153104,6609141760,3015639040,4547023000,5,1
released,8,291.700875,292.493417,295.583084,34.364416,0.2746750000000002,2.777375,2307154648,6609108992,3166683136,4547547288,5,1
released,9,318.518291,319.400166,322.46875,34.496209,0.2916289999999999,2.716917,2307178416,6608945152,3218522112,4547563672,5,1
released,10,284.49825,285.407584,288.518667,34.641125,0.2728440000000001,2.825042,2307184592,6608945152,3240820736,4547858584,5,1
released,11,305.369708,306.208041,309.275458,34.548959,0.27992300000000014,2.778792,2307179344,6608945152,3249405952,4547858584,5,1
released,12,297.305458,298.085166,301.102375,39.253084,0.29066800000000015,2.042209,2307195056,6608945152,3227484160,4547858584,5,1
released,13,308.200292,309.069209,312.202125,33.794083,0.2868419999999996,2.826833,2307198928,6608945152,3251339264,4547874968,5,1
released,14,284.244792,285.027167,288.239834,33.944625,0.2781410000000002,2.782917,2307196888,6608945152,3252731904,4547874968,5,1
released,15,315.316625,316.162667,319.20025,34.586125,0.283512,2.765042,2307191712,6608945152,3268591616,4547874968,5,1
released,16,280.456792,281.347917,284.422,33.624875,0.26841399999999993,2.725958,2307189208,6608945152,3268296704,4547874968,5,1
released,17,308.153042,308.959709,312.160167,38.579916,0.2886449999999998,2.798167,2307192304,6608945152,3286106112,4547874968,5,1
released,18,285.776416,286.623083,289.816,34.33625,0.2724329999999995,2.727,2307192944,6608945152,3290742784,4547874968,5,1
released,19,304.968,305.714917,308.879667,33.471583,0.2830699999999995,2.715833,2307191704,6608945152,3301130240,4547874968,5,1
released,20,295.098375,295.987625,299.2,37.056542,0.2818240000000003,2.856083,2307200208,6608945152,3323265024,4547874968,5,1
controlled_heap,1,50.820792,51.945584,59.517459,40.698,0.11396600000000001,1.999166,2307070568,2318794752,135659520,98485232,5,1
controlled_heap,2,60.362666,61.26675,69.669791,39.673708,0.12483700000000003,1.917833,2307078536,4466212864,361152512,324076840,5,1
controlled_heap,3,62.642084,63.536709,70.945917,37.83925,0.12483300000000003,1.62875,2307100856,6613598208,443727872,406799872,5,1
controlled_heap,4,203.634584,204.600125,212.051625,38.942291,0.281309,1.872,2307110088,6613532672,2512846848,2476821288,5,1
controlled_heap,5,345.107083,346.410083,354.652458,39.90175,0.295115,1.718917,2307137208,6613434368,3692347392,4546285672,5,1
controlled_heap,6,249.95675,250.878458,259.129833,41.814458,0.3070419999999999,3.741083,2307136432,6613401600,3654975488,4546924648,5,1
controlled_heap,7,315.904708,316.896416,324.472541,48.629333,0.3316110000000001,3.326584,2307145776,6613401600,3689562112,4547104872,5,1
controlled_heap,8,252.501667,253.454625,260.893834,37.233792,0.2958900000000002,2.132,2307154832,6613368832,3675226112,4547104872,5,1
controlled_heap,9,307.557167,308.508667,315.970542,41.420542,0.3168080000000002,3.605167,2307164400,6613303296,3677585408,4547317864,5,1
controlled_heap,10,248.924125,249.783125,258.944833,42.367417,0.30730199999999996,2.008416,2307177912,6613204992,3720364032,4547399784,5,1
controlled_heap,11,304.671042,305.561667,312.956417,38.294167,0.311315,1.727375,2307188536,6613106688,3784474624,4547416168,5,1
controlled_heap,12,249.635625,250.631625,258.10825,47.296916,0.3032630000000003,4.222083,2307191648,6613106688,3782803456,4547465320,5,1
controlled_heap,13,321.597875,322.517625,331.915791,40.116083,0.3347209999999996,2.19325,2307197640,6613073920,3774939136,4547465320,5,1
controlled_heap,14,256.879834,257.820125,265.279959,44.025541,0.30755699999999964,3.921959,2307191112,6613073920,3791749120,4547645568,5,1
controlled_heap,15,308.505167,309.449625,316.900042,38.699,0.31690399999999963,1.635541,2307193336,6613073920,3776036864,4547645568,5,1
controlled_heap,16,256.742709,257.736334,266.666625,43.893458,0.3118090000000002,3.8185,2307206592,6613073920,3771793408,4547645568,5,1
controlled_heap,17,309.542917,310.744417,318.384625,39.132167,0.3178359999999998,1.998625,2307205952,6613073920,3759194112,4547645568,5,1
controlled_heap,18,246.8525,247.821292,255.268792,45.347584,0.29331200000000024,4.107584,2307195344,6613073920,3792306176,4547661952,5,1
controlled_heap,19,317.585542,318.442875,325.857667,44.160625,0.3233989999999993,2.359042,2307195232,6613073920,3814981632,4547678336,5,1
controlled_heap,20,244.931416,245.830291,253.208083,38.017333,0.2918820000000002,2.090709,2307195056,6613073920,3816800256,4547678336,5,1
controlled_mmap,1,126.411833,135.869083,158.609208,45.670041,0.147774,5.886917,159581984,171016192,54427648,17351424,5,1
controlled_mmap,2,51.394917,52.356083,59.7775,39.262875,0.11444299999999999,3.034083,159587584,284000256,100057088,62341936,5,1
controlled_mmap,3,53.125667,54.077959,61.478042,37.654625,0.11613299999999999,2.901458,159601992,384565248,114081792,75449160,5,1
controlled_mmap,4,62.809834,63.79975,71.317667,44.336791,0.13988099999999998,3.979542,159623904,384401408,227475456,188023696,5,1
controlled_mmap,5,63.979959,64.903209,72.923584,43.642583,0.13283699999999998,5.093125,159627528,384237568,340770816,285066176,5,1
controlled_mmap,6,59.759833,60.690167,68.051583,37.870083,0.12178699999999998,2.192042,159643408,384040960,341180416,285311936,5,1
controlled_mmap,7,60.836666,61.667666,69.025958,38.034458,0.1243439999999999,2.720791,159643040,384040960,341245952,286278592,5,1
controlled_mmap,8,61.797583,62.696292,70.118583,38.275875,0.12261200000000005,2.183375,159655000,384040960,341491712,289129408,5,1
controlled_mmap,9,59.379584,60.305667,67.95425,39.548292,0.12556900000000004,2.447167,159664256,384008192,341491712,282182592,5,1
controlled_mmap,10,61.328958,62.280208,70.034333,38.821542,0.12607100000000004,2.31475,159661352,384008192,341622784,289539008,5,1
controlled_mmap,11,62.675292,63.616209,71.581667,43.219459,0.13305100000000003,4.519125,159659280,383811584,341671936,286426048,5,1
controlled_mmap,12,60.912417,61.866167,69.287334,39.416917,0.12343800000000016,2.573792,159675376,383746048,341688320,289997760,5,1
controlled_mmap,13,65.261875,66.13825,75.363125,40.184916,0.1385219999999998,2.837625,159677536,383746048,341688320,286557120,5,1
controlled_mmap,14,58.703042,59.592167,66.947042,38.073458,0.12009299999999978,2.491875,159675368,383746048,341688320,289817536,5,1
controlled_mmap,15,64.442,65.347167,72.786667,36.911875,0.1309229999999999,2.317542,159680608,383713280,341704704,282379200,5,1
controlled_mmap,16,58.337833,59.249,66.792542,39.595291,0.12316400000000027,2.443583,159680328,383713280,341704704,289899456,5,1
controlled_mmap,17,58.753375,59.937792,67.633542,35.973833,0.12450099999999997,2.8115,159693760,383713280,341704704,286491584,5,1
controlled_mmap,18,57.320583,58.292166,65.697625,36.754791,0.12145600000000023,2.218875,159690568,383713280,341704704,289932224,5,1
controlled_mmap,19,59.34125,60.268791,67.709208,35.491291,0.1252819999999999,2.81875,159666280,383713280,341835776,286737344,5,1
controlled_mmap,20,63.265291,64.099958,71.398458,34.896917,0.1285590000000001,2.294125,159686080,383746048,341835776,289768384,5,1
