file,group,mode,wall_seconds,cpu_seconds,source_commit
go-fixture-0-fork.json,go-fixture,fork,1.9752310840000002,2.218815,5824ed1f205c84fc67574d6896afba412b57188b
go-fixture-0-fresh.json,go-fixture,fresh,3.4913434199999998,3.462506,5824ed1f205c84fc67574d6896afba412b57188b
go-fixture-1-fork.json,go-fixture,fork,2.1424848320000005,2.3463089999999998,5824ed1f205c84fc67574d6896afba412b57188b
go-fixture-1-fresh.json,go-fixture,fresh,3.2452058750000004,3.545556,5824ed1f205c84fc67574d6896afba412b57188b
go-fixture-2-fork.json,go-fixture,fork,2.1146474200000003,2.501929,5824ed1f205c84fc67574d6896afba412b57188b
go-fixture-2-fresh.json,go-fixture,fresh,3.754145583,4.010249,5824ed1f205c84fc67574d6896afba412b57188b
go-large-0-fork.json,go-large,fork,11.826127667999998,15.156405,5824ed1f205c84fc67574d6896afba412b57188b
go-large-0-fresh.json,go-large,fresh,30.197660582999998,34.387907,5824ed1f205c84fc67574d6896afba412b57188b
go-light-0-fork.json,go-light,fork,0.7821731700000002,0.741275,5824ed1f205c84fc67574d6896afba412b57188b
go-light-0-fresh.json,go-light,fresh,0.39295962799999995,0.341681,5824ed1f205c84fc67574d6896afba412b57188b
go-light-1-fork.json,go-light,fork,0.9864712479999999,0.85086,5824ed1f205c84fc67574d6896afba412b57188b
go-light-1-fresh.json,go-light,fresh,0.32250645699999997,0.30245,5824ed1f205c84fc67574d6896afba412b57188b
go-light-2-fork.json,go-light,fork,0.9617722490000002,0.873283,5824ed1f205c84fc67574d6896afba412b57188b
go-light-2-fresh.json,go-light,fresh,0.5974515399999999,0.408101,5824ed1f205c84fc67574d6896afba412b57188b
go-native-fixture-0-mariamem-fresh.json,go-native-fixture,mariamem-fresh,0.632023375,0.474039,5824ed1f205c84fc67574d6896afba412b57188b
go-native-fixture-0-mariamem-prepared.json,go-native-fixture,mariamem-prepared,1.8909365409999999,0.850315,5824ed1f205c84fc67574d6896afba412b57188b
go-native-fixture-0-testcontainers-fresh.json,go-native-fixture,testcontainers-fresh,24.440565084,0.468275,5824ed1f205c84fc67574d6896afba412b57188b
go-native-fixture-0-testcontainers-schema-reset.json,go-native-fixture,testcontainers-schema-reset,4.326581375,0.10320499999999999,5824ed1f205c84fc67574d6896afba412b57188b
go-native-fixture-1-mariamem-fresh.json,go-native-fixture,mariamem-fresh,0.54953175,0.476229,ff43ffef6ded67b3f37079831acc9f8e5bad8226
go-native-fixture-1-mariamem-prepared.json,go-native-fixture,mariamem-prepared,0.903767167,0.8886970000000001,ff43ffef6ded67b3f37079831acc9f8e5bad8226
go-native-fixture-1-testcontainers-fresh.json,go-native-fixture,testcontainers-fresh,23.520295708,0.486455,ff43ffef6ded67b3f37079831acc9f8e5bad8226
go-native-fixture-1-testcontainers-schema-reset.json,go-native-fixture,testcontainers-schema-reset,6.872712875,0.156864,ff43ffef6ded67b3f37079831acc9f8e5bad8226
go-native-fixture-2-mariamem-fresh.json,go-native-fixture,mariamem-fresh,1.568232625,0.493246,ff43ffef6ded67b3f37079831acc9f8e5bad8226
go-native-fixture-2-mariamem-prepared.json,go-native-fixture,mariamem-prepared,2.279934209,1.169546,ff43ffef6ded67b3f37079831acc9f8e5bad8226
go-native-fixture-2-testcontainers-fresh.json,go-native-fixture,testcontainers-fresh,50.03296125,0.982362,ff43ffef6ded67b3f37079831acc9f8e5bad8226
go-native-fixture-2-testcontainers-schema-reset.json,go-native-fixture,testcontainers-schema-reset,9.744828833,0.22156499999999998,ff43ffef6ded67b3f37079831acc9f8e5bad8226
go-parallel-0-fork.json,go-parallel,fork,1.726815375,2.540188,5824ed1f205c84fc67574d6896afba412b57188b
go-parallel-0-fresh.json,go-parallel,fresh,1.349760167,4.939989000000001,5824ed1f205c84fc67574d6896afba412b57188b
go-parallel-1-fork.json,go-parallel,fork,2.6573172910000005,3.1167979999999997,5824ed1f205c84fc67574d6896afba412b57188b
go-parallel-1-fresh.json,go-parallel,fresh,2.028672583,4.49557,5824ed1f205c84fc67574d6896afba412b57188b
go-parallel-2-fork.json,go-parallel,fork,6.171365624000001,3.33572,5824ed1f205c84fc67574d6896afba412b57188b
go-parallel-2-fresh.json,go-parallel,fresh,3.472916875,6.023054,5824ed1f205c84fc67574d6896afba412b57188b
python-fixture-0-fork.json,python-fixture,fork,2.2738097910187207,2.547638,ff43ffef6ded67b3f37079831acc9f8e5bad8226
python-fixture-0-fresh.json,python-fixture,fresh,4.272966791992076,4.174673,ff43ffef6ded67b3f37079831acc9f8e5bad8226
python-fixture-0-shared-reset.json,python-fixture,shared-reset,10.310383500007447,0.532311,ff43ffef6ded67b3f37079831acc9f8e5bad8226
python-fixture-0-testcontainers.json,python-fixture,testcontainers,20.936892000027,0.6645120000000001,ff43ffef6ded67b3f37079831acc9f8e5bad8226
python-fixture-1-fork.json,python-fixture,fork,2.373049583984539,2.800032,ff43ffef6ded67b3f37079831acc9f8e5bad8226
python-fixture-1-fresh.json,python-fixture,fresh,3.8858587910071947,4.2250950000000005,ff43ffef6ded67b3f37079831acc9f8e5bad8226
python-fixture-1-shared-reset.json,python-fixture,shared-reset,8.403946959006134,0.611887,ff43ffef6ded67b3f37079831acc9f8e5bad8226
python-fixture-1-testcontainers.json,python-fixture,testcontainers,35.36884366697632,0.752774,ff43ffef6ded67b3f37079831acc9f8e5bad8226
python-fixture-2-fork.json,python-fixture,fork,2.99118820799049,3.047386,ff43ffef6ded67b3f37079831acc9f8e5bad8226
python-fixture-2-fresh.json,python-fixture,fresh,5.779934249992948,4.6878459999999995,ff43ffef6ded67b3f37079831acc9f8e5bad8226
python-fixture-2-shared-reset.json,python-fixture,shared-reset,9.701149041007739,0.6136809999999999,ff43ffef6ded67b3f37079831acc9f8e5bad8226
python-fixture-2-testcontainers.json,python-fixture,testcontainers,24.308958582987543,0.7322679999999999,ff43ffef6ded67b3f37079831acc9f8e5bad8226
python-large-0-fork.json,python-large,fork,13.00094220903702,16.665001,ff43ffef6ded67b3f37079831acc9f8e5bad8226
python-large-0-fresh.json,python-large,fresh,33.47593074996257,37.569403,ff43ffef6ded67b3f37079831acc9f8e5bad8226
python-large-0-shared-reset.json,python-large,shared-reset,15.901523083972279,2.794321,ff43ffef6ded67b3f37079831acc9f8e5bad8226
python-large-0-testcontainers.json,python-large,testcontainers,39.654093124961946,3.247931,ff43ffef6ded67b3f37079831acc9f8e5bad8226
python-light-0-fork.json,python-light,fork,1.995657499996014,1.0147309999999998,ff43ffef6ded67b3f37079831acc9f8e5bad8226
python-light-0-fresh.json,python-light,fresh,0.6199756250134669,0.549132,ff43ffef6ded67b3f37079831acc9f8e5bad8226
python-light-0-shared-reset.json,python-light,shared-reset,5.952778957958799,0.24744499999999997,ff43ffef6ded67b3f37079831acc9f8e5bad8226
python-light-0-testcontainers.json,python-light,testcontainers,18.229389666987117,0.3752,ff43ffef6ded67b3f37079831acc9f8e5bad8226
python-light-1-fork.json,python-light,fork,1.3048565000062808,1.2148900000000002,ff43ffef6ded67b3f37079831acc9f8e5bad8226
python-light-1-fresh.json,python-light,fresh,0.6841628749971278,0.5872550000000001,ff43ffef6ded67b3f37079831acc9f8e5bad8226
python-light-1-shared-reset.json,python-light,shared-reset,7.10149662499316,0.294675,ff43ffef6ded67b3f37079831acc9f8e5bad8226
python-light-1-testcontainers.json,python-light,testcontainers,22.409957125026267,0.4208299999999999,ff43ffef6ded67b3f37079831acc9f8e5bad8226
python-light-2-fork.json,python-light,fork,1.068729833001271,1.0724809999999998,ff43ffef6ded67b3f37079831acc9f8e5bad8226
python-light-2-fresh.json,python-light,fresh,0.702024124970194,0.5894349999999999,ff43ffef6ded67b3f37079831acc9f8e5bad8226
python-light-2-shared-reset.json,python-light,shared-reset,7.051815750019159,0.257123,ff43ffef6ded67b3f37079831acc9f8e5bad8226
python-light-2-testcontainers.json,python-light,testcontainers,26.756696874974295,0.46848199999999995,ff43ffef6ded67b3f37079831acc9f8e5bad8226
python-parallel-0-fork.json,python-parallel,fork,1.6672951660002582,3.117099,ff43ffef6ded67b3f37079831acc9f8e5bad8226
python-parallel-0-fresh.json,python-parallel,fresh,2.0116129579837434,6.3786689999999995,ff43ffef6ded67b3f37079831acc9f8e5bad8226
python-parallel-0-shared-reset.json,python-parallel,shared-reset,7.466770750004798,0.658889,ff43ffef6ded67b3f37079831acc9f8e5bad8226
python-parallel-0-testcontainers.json,python-parallel,testcontainers,9.740548249974381,0.8509509999999998,ff43ffef6ded67b3f37079831acc9f8e5bad8226
python-parallel-1-fork.json,python-parallel,fork,1.7193175840075128,3.144751,ff43ffef6ded67b3f37079831acc9f8e5bad8226
python-parallel-1-fresh.json,python-parallel,fresh,2.069607499986887,6.5956980000000005,ff43ffef6ded67b3f37079831acc9f8e5bad8226
python-parallel-1-shared-reset.json,python-parallel,shared-reset,7.515122957993299,0.649651,ff43ffef6ded67b3f37079831acc9f8e5bad8226
python-parallel-1-testcontainers.json,python-parallel,testcontainers,8.795120500028133,0.9142779999999999,ff43ffef6ded67b3f37079831acc9f8e5bad8226
python-parallel-2-fork.json,python-parallel,fork,2.4826404160121456,3.8626439999999995,ff43ffef6ded67b3f37079831acc9f8e5bad8226
python-parallel-2-fresh.json,python-parallel,fresh,2.1310481659602374,7.2674259999999995,ff43ffef6ded67b3f37079831acc9f8e5bad8226
python-parallel-2-shared-reset.json,python-parallel,shared-reset,8.277125499967951,0.743881,ff43ffef6ded67b3f37079831acc9f8e5bad8226
python-parallel-2-testcontainers.json,python-parallel,testcontainers,16.814021124970168,1.084616,ff43ffef6ded67b3f37079831acc9f8e5bad8226
