scenario,mode,trial,close_cpu_s,close_ms,crud_cpu_s,crud_ms,crud_statements,fd,fixture_cpu_s,fixture_ms,generation,goroutines,heap_alloc_bytes,heap_sys_bytes,ready_cpu_s,ready_ms,start_fixture_cpu_s,start_fixture_ms,start_sql_cpu_s,start_sql_ms,total_cpu_s
fresh,baseline,0,0.002710999999999991,2.240209,0.03712700000000001,25.351709,200,5,0.005162,4.800292,1,1,2307096472,2314436608,0.056318999999999994,68.574959,0.066005,75.332042,0.060839000000000004,70.5285,0.105966
fresh,baseline,1,0.0033360000000000056,2.468417,0.03595500000000001,32.25375,200,5,0.007710999999999996,3.311292,1,1,2307107880,2318696448,0.029567000000000003,44.714083,0.039851,49.031625,0.032139,45.717125,0.07927400000000001
fresh,baseline,2,0.0038750000000000034,2.909916,0.036379999999999996,36.964583,200,5,0.011375999999999997,3.759792,1,2,2307117464,2318696448,0.034918,50.21375,0.050383,55.263542,0.038999,51.49975,0.09075799999999999
fresh,baseline,3,0.0031889999999999974,2.433417,0.036537999999999994,31.689125,200,5,0.007691000000000003,3.416292,1,1,2307088312,2318729216,0.032294,47.746375,0.04259400000000001,52.153875,0.034901,48.734416,0.08244
fresh,baseline,4,0.003619000000000011,2.585083,0.03568600000000001,31.606542,200,5,0.007676000000000002,3.335792,1,1,2307086168,2318794752,0.027889,38.525875,0.038410999999999994,42.890334,0.030732,39.551292,0.077846
fresh,baseline,5,0.003130999999999995,2.402625,0.037760999999999996,31.582459,200,5,0.0076909999999999965,3.319083,1,1,2307089072,2314502144,0.031176999999999996,48.732292,0.04144,53.080042,0.033747,49.757667,0.08248
fresh,baseline,6,0.0031920000000000004,2.445167,0.036537,32.509875,200,5,0.007288999999999997,3.248959,1,2,2307097256,2314567680,0.027131000000000002,37.271625,0.036918,41.495583,0.029625,38.243667,0.07677300000000001
fresh,baseline,7,0.0032989999999999964,2.519875,0.038174,34.080041,200,5,0.0072550000000000045,3.245,1,1,2307091952,2318794752,0.028546999999999996,43.260167,0.038260999999999996,47.472042,0.031003999999999997,44.224084,0.079866
fresh,baseline,8,0.0032149999999999956,2.437792,0.03750799999999999,31.691,200,5,0.007338999999999998,3.290458,1,1,2307088288,2318827520,0.028794,39.630208,0.038759,43.954291,0.031416,40.660875,0.07964299999999999
fresh,baseline,9,0.003253000000000006,2.491,0.037008,31.154459,200,5,0.007121999999999996,3.334167,1,1,2307101096,2318696448,0.028857999999999995,45.512,0.038665,49.936167,0.031543,46.599667,0.079089
fresh,baseline,10,0.0029130000000000267,2.2015,0.050496,38.384916,200,5,0.01936299999999999,6.680833,1,1,2307089632,2318729216,0.050818,1061.881,0.07593,1070.395292,0.056561,1063.707334,0.129519
fresh,baseline,11,0.0028709999999999986,2.182666,0.036858,31.259459,200,5,0.007552000000000003,3.416542,1,1,2307093272,2318729216,0.033168,50.986667,0.04389,55.5275,0.036336,52.107042,0.083771
fresh,baseline,12,0.0032230000000000036,2.447541,0.037718,32.348083,200,5,0.007432000000000001,3.246958,1,1,2307100136,2314534912,0.03421,51.949083,0.04422,56.192666,0.036786,52.942916,0.08530499999999999
fresh,baseline,13,0.0030989999999999907,2.353875,0.038132000000000006,33.202875,200,5,0.007304999999999999,3.346375,1,1,2307088400,2318761984,0.028776000000000003,44.493917,0.03868,48.840208,0.031374,45.491625,0.080056
fresh,baseline,14,0.0032929999999999904,2.524541,0.035411000000000005,30.975375,200,5,0.007121999999999996,3.319083,1,1,2307092816,2314567680,0.029856999999999998,41.967834,0.039716999999999995,46.341167,0.032594,43.019667,0.078612
fresh,baseline,15,0.0032080000000000025,2.446959,0.035626,33.018417,200,5,0.008495000000000003,3.780875,1,1,2307096336,2314469376,0.033124,46.9505,0.045165,52.01475,0.036661,48.227958,0.084146
fresh,baseline,16,0.003363000000000005,2.484667,0.034517,31.921875,200,5,0.007014000000000006,3.32375,1,1,2307091232,2318729216,0.027125000000000003,40.773,0.03723,45.217708,0.030215,41.891208,0.075302
fresh,baseline,17,0.0031859999999999944,2.444792,0.036005,32.005458,200,5,0.007373999999999999,3.340375,1,1,2307085040,2318794752,0.030671000000000004,46.24975,0.040742,50.607958,0.033365,47.264666,0.080068
fresh,baseline,18,0.0027780000000000027,2.156292,0.038579999999999996,31.105334,200,5,0.007540000000000005,3.255042,1,1,2307088448,2314567680,0.026584,36.388542,0.036917000000000005,40.659542,0.029374,37.400792,0.078412
fresh,baseline,19,0.003911000000000012,2.908542,0.04629000000000001,39.768208,200,5,0.017366000000000006,5.987041,1,1,2307097744,2318761984,0.040805999999999995,1052.803833,0.063857,1060.596041,0.046473,1054.604,0.11417100000000001
fresh,candidate,0,0.0027640000000000164,2.447042,0.055099999999999996,39.61625,200,5,0.012760000000000007,9.668417,1,1,2307078912,2318729216,0.06847900000000001,72.653166,0.08784800000000001,84.944333,0.07508600000000001,75.272208,0.145869
fresh,candidate,1,0.0024989999999999873,2.0735,0.052341,38.070208,200,5,0.016461000000000003,7.723458,1,1,2307076968,2318761984,0.041849,53.39775,0.060905,62.247417,0.044440999999999994,54.520459,0.115904
fresh,candidate,2,0.0028809999999999947,2.403417,0.05731799999999998,41.55775,200,5,0.023718000000000003,10.462959,1,1,2307078752,2318761984,0.055498,1069.645125,0.082979,1081.557875,0.059255999999999996,1071.090459,0.143312
fresh,candidate,3,0.0016189999999999816,1.428042,0.053025,37.931084,200,5,0.015923999999999994,7.6345,1,1,2307079952,2318794752,0.047029,66.286208,0.06573,75.085333,0.049804,67.447875,0.12053900000000001
fresh,candidate,4,0.0018390000000000073,1.592333,0.051087999999999995,39.126083,200,5,0.015816000000000004,7.730167,1,2,2307078992,2318761984,0.045630000000000004,63.328125,0.064554,72.249459,0.048736,64.516125,0.117648
fresh,candidate,5,0.0023260000000000225,1.919083,0.05517399999999999,40.414375,200,5,0.024986999999999995,10.992833,1,1,2307077984,2318794752,0.056464,1067.326416,0.085547,1079.863166,0.060556,1068.865666,0.143172
fresh,candidate,6,0.002462999999999993,2.032166,0.05085099999999999,39.681042,200,5,0.01612699999999999,7.727208,1,1,2307071416,2314633216,0.047769000000000006,63.871125,0.066678,72.772958,0.05054800000000001,65.041833,0.12013399999999999
fresh,candidate,7,0.0019519999999999815,1.705584,0.051651000000000016,39.723125,200,5,0.015971,7.5925,1,1,2307070488,2318827520,0.052065999999999994,66.093917,0.07050899999999999,74.730542,0.054534000000000006,67.134708,0.12424400000000002
fresh,candidate,8,0.0026159999999999795,2.219375,0.05650400000000001,40.126875,200,5,0.016199999999999992,7.663458,1,1,2307086264,2314600448,0.04491,62.552792,0.06368,71.342333,0.047478,63.67575,0.122968
fresh,candidate,9,0.002250000000000002,1.86475,0.053922,38.926209,200,5,0.015878000000000003,7.672167,1,1,2307083464,2314534912,0.044158,59.613166,0.062657,68.396916,0.046771,60.721083,0.118987
fresh,candidate,10,0.0020050000000000068,1.73025,0.053667000000000006,39.367625,200,5,0.01525,7.613417,1,1,2307071856,2314567680,0.049009,69.210584,0.066729,77.886209,0.051476999999999995,70.269875,0.122551
fresh,candidate,11,0.0020830000000000015,1.720084,0.054435,42.285917,200,5,0.026761000000000007,11.462,1,1,2307092736,2314502144,0.058974,1066.916292,0.09048,1080.082375,0.063713,1068.615292,0.147156
fresh,candidate,12,0.0020769999999999955,1.791708,0.05639200000000001,41.1245,200,5,0.016041000000000007,7.571292,1,1,2307073792,2318794752,0.045835,62.269,0.064596,70.992792,0.048553,63.41825,0.123193
fresh,candidate,13,0.002035000000000009,1.733084,0.053447999999999996,41.969083,200,5,0.024800000000000003,11.286708,1,1,2307072792,2318860288,0.055279999999999996,1066.398708,0.083858,1079.154167,0.059056,1067.862958,0.13948
fresh,candidate,14,0.0023050000000000015,1.938291,0.05348700000000001,38.898333,200,5,0.016183000000000003,7.786,1,1,2307085032,2318794752,0.046752999999999996,62.622291,0.065748,71.666166,0.049562,63.876666,0.121672
fresh,candidate,15,0.0023070000000000035,1.971459,0.05260999999999999,39.105708,200,5,0.015924,7.55425,1,1,2307076192,2318761984,0.044292,58.29425,0.063032,67.042125,0.047106,59.484208,0.118083
fresh,candidate,16,0.0022290000000000088,1.90475,0.05016899999999999,39.431125,200,5,0.015681,7.57675,1,1,2307078720,2318761984,0.047075000000000006,66.458916,0.065602,75.202625,0.04991899999999999,67.622458,0.11812700000000001
fresh,candidate,17,0.0019470000000000043,1.674208,0.05000500000000001,39.073916,200,5,0.015396999999999994,7.547667,1,1,2307060744,2314567680,0.045523,57.62175,0.06387,66.3785,0.04847,58.827208,0.115946
fresh,candidate,18,0.0019530000000000103,1.664875,0.05130500000000002,38.59925,200,5,0.016158999999999993,7.62475,1,1,2307075080,2318827520,0.048581,65.419875,0.067553,74.219458,0.05139,66.591708,0.12095600000000001
fresh,candidate,19,0.0027719999999999967,2.303125,0.052056000000000005,38.570541,200,5,0.016010999999999997,7.48525,1,1,2307075184,2318794752,0.04596600000000001,59.785834,0.064615,68.3985,0.048602000000000006,60.9105,0.119568
repeated,baseline,0,0.0033159999999999995,2.482292,0.036798,32.644042,200,5,0.007682000000000001,3.300792,1,1,2307089136,2314534912,0.029801,48.426584,0.040056,52.743042,0.032369999999999996,49.438584,0.080307
repeated,baseline,0,0.002588000000000007,2.032958,0.038730000000000014,31.253167,200,5,0.007146999999999987,3.099,2,1,2307109464,4461920256,0.044406,54.711708,0.05374499999999999,58.660083,0.046595,55.557958,0.09520799999999999
repeated,baseline,0,0.003801999999999972,2.797667,0.03669,33.748958,200,5,0.009212999999999999,3.107666,3,1,2307142584,6609240064,0.05007499999999998,59.921959,0.06143599999999999,63.826542,0.05221799999999999,60.715334,0.10205
repeated,baseline,0,0.0039919999999999956,2.910791,0.03825400000000001,34.885041,200,5,0.007983000000000073,3.11975,4,1,2307165880,6609141760,0.23680600000000002,349.209792,0.24712399999999995,353.237667,0.23913800000000002,350.114709,0.289495
repeated,baseline,0,0.00385000000000002,2.818916,0.03533700000000006,36.203417,200,5,0.009712000000000054,3.333084,5,1,2307164600,6609141760,0.22082000000000002,312.949125,0.23302299999999998,317.277208,0.22330700000000003,313.940791,0.272323
repeated,baseline,0,0.0037810000000000343,2.818583,0.03581499999999993,34.137792,200,5,0.009573999999999971,3.332709,6,1,2307171496,6609076224,0.24073100000000003,315.763416,0.25330300000000006,320.155541,0.2437259999999999,316.81875,0.29300100000000007
repeated,baseline,0,0.0037930000000001574,2.83425,0.033671999999999924,36.971708,200,5,0.00843499999999997,3.201917,7,1,2307176128,6609076224,0.23621899999999996,317.282209,0.24660899999999986,321.314459,0.23817,318.109,0.28420999999999985
repeated,baseline,0,0.003786999999999985,2.782291,0.03702000000000005,37.006458,200,5,0.008091999999999988,3.134042,8,1,2307188560,6608945152,0.23737600000000003,317.220375,0.24792899999999984,321.337042,0.23983399999999988,318.199667,0.28886999999999996
repeated,baseline,0,0.003727000000000036,2.759709,0.0352650000000001,32.388542,200,5,0.008438999999999863,3.05825,9,1,2307191008,6608945152,0.23591799999999985,315.547583,0.24703399999999998,319.588083,0.23858999999999986,316.526583,0.286165
repeated,baseline,0,0.0029010000000000424,2.204709,0.03873200000000043,31.293334,200,5,0.008331999999999784,3.119917,10,1,2307201600,6608945152,0.23674600000000012,317.001958,0.2471700000000001,320.994458,0.23883600000000005,317.871,0.28891199999999984
repeated,baseline,0,0.0027180000000002202,1.983166,0.044621000000000244,43.597083,200,5,0.012186999999999948,3.8565,11,1,2307210328,6608945152,0.24043100000000006,319.300208,0.2569530000000002,324.473833,0.24475599999999975,320.612,0.30444099999999974
repeated,baseline,0,0.004186000000000245,2.862459,0.038978999999999875,35.203708,200,5,0.008678999999999881,3.269666,12,1,2307193664,6608945152,0.23883899999999958,312.51525,0.2499690000000001,316.70875,0.24128499999999953,313.435583,0.2932389999999998
repeated,baseline,0,0.003289999999999793,2.497625,0.03365199999999957,27.962417,200,5,0.00960099999999997,3.406,13,1,2307214448,6608945152,0.23872300000000024,316.139959,0.2507130000000002,320.448,0.24110600000000026,317.03825,0.28777600000000003
repeated,baseline,0,0.004071000000000158,2.911291,0.03500799999999993,34.408125,200,5,0.00826299999999991,3.04525,14,1,2307209680,6608912384,0.24003299999999994,308.893708,0.2503829999999998,312.81425,0.24211500000000008,309.766208,0.2895789999999998
repeated,baseline,0,0.003886000000000056,2.832625,0.036445999999999756,35.163542,200,5,0.00890100000000027,3.248333,15,1,2307226128,6608879616,0.24108000000000018,317.64925,0.2520600000000002,321.807042,0.24315100000000012,318.554417,0.2925049999999998
repeated,baseline,0,0.003815000000000346,2.813959,0.03573399999999971,33.874709,200,5,0.008911000000000335,3.182583,16,1,2307220200,6608846848,0.24341500000000016,312.736292,0.254305,316.754167,0.24539,313.567625,0.2939799999999999
repeated,baseline,0,0.003630000000000244,2.66575,0.034456000000000486,33.398792,200,5,0.008529999999999482,3.122292,17,1,2307222144,6608814080,0.24091300000000082,314.3775,0.2516449999999999,318.37875,0.2431100000000006,315.252709,0.2898620000000003
repeated,baseline,0,0.0036330000000006635,2.7415,0.03361099999999961,33.264792,200,5,0.008118999999999765,3.100292,18,1,2307217392,6608814080,0.24187000000000047,314.175917,0.2520870000000004,318.059875,0.24396400000000007,314.956542,0.28944600000000076
repeated,baseline,0,0.0030649999999994293,2.304083,0.03446600000000011,31.251959,200,5,0.008289999999999687,3.070542,19,1,2307215296,6608814080,0.242413,313.677208,0.25284499999999976,317.633,0.24455000000000027,314.558458,0.2905030000000002
repeated,baseline,0,0.003786999999999985,2.802917,0.0366559999999998,33.605416,200,5,0.008183999999999969,3.11475,20,1,2307222080,6608814080,0.23596499999999931,309.307667,0.2462749999999998,313.316042,0.2380880000000003,310.197834,0.2868259999999996
repeated,candidate,0,0.0023560000000000247,1.953375,0.05265299999999999,40.80425,200,5,0.016346000000000006,7.675042,1,1,2307073256,2318761984,0.051517,63.708833,0.07039400000000001,72.499333,0.054044999999999996,64.821,0.125554
repeated,candidate,0,0.002681999999999962,2.232833,0.054062,40.19275,200,5,0.015992000000000006,7.384583,2,1,2307084720,4466114560,0.05612,65.711958,0.074101,73.955458,0.05810599999999999,66.567208,0.130956
repeated,candidate,0,0.0047000000000000375,3.491917,0.05192000000000002,42.00475,200,5,0.01642100000000002,7.363417,3,1,2307125088,6613499904,0.058141,67.056709,0.076494,75.294167,0.06007100000000004,67.927709,0.13327900000000004
repeated,candidate,0,0.003054000000000001,1.672958,0.052178999999999975,37.943292,200,5,0.01700400000000002,7.349584,4,1,2307123168,6613467136,0.21086099999999997,211.391834,0.23003799999999996,219.743,0.213032,212.390625,0.285404
repeated,candidate,0,0.004727000000000037,3.775375,0.04777399999999998,44.138125,200,5,0.01728699999999994,7.5365,5,1,2307129024,6613467136,0.23095500000000002,383.592125,0.250382,392.128834,0.23309199999999997,384.589042,0.30300399999999994
repeated,candidate,0,0.00545299999999993,4.078416,0.05587600000000004,44.879042,200,5,0.019122000000000083,7.928042,6,1,2307153032,6613401600,0.24277099999999996,286.347333,0.2643380000000001,295.282917,0.24521300000000001,287.350708,0.32579000000000014
repeated,candidate,0,0.005146000000000095,4.065625,0.04791600000000007,46.331125,200,5,0.017191999999999874,7.322125,7,1,2307135488,6613401600,0.25719800000000004,324.006333,0.276284,332.143208,0.2590889999999999,324.818083,0.32946600000000004
repeated,candidate,0,0.0019599999999999618,1.658291,0.05009400000000008,39.1805,200,5,0.01689200000000013,7.414416,8,1,2307149840,6613336064,0.24012699999999998,279.279583,0.2591779999999999,287.660583,0.2422819999999999,280.2425,0.3113619999999999
repeated,candidate,0,0.004870000000000374,3.821,0.06533100000000003,49.492708,200,5,0.023906000000000205,8.316416,9,1,2307212024,6613237760,0.26681900000000014,336.681167,0.29371299999999967,346.169375,0.2698029999999998,337.847375,0.36402999999999985
repeated,candidate,0,0.004694000000000198,3.718833,0.04948200000000025,42.018083,200,5,0.016865999999999826,7.4235,10,1,2307167632,6613237760,0.23515200000000025,276.767792,0.254092,285.148084,0.23722300000000018,277.721417,0.30839300000000014
repeated,candidate,0,0.006024999999999725,4.367,0.053040999999999894,44.19975,200,5,0.01884599999999992,7.55525,11,1,2307175320,6613204992,0.2551700000000001,334.414125,0.276316,342.93725,0.2574650000000003,335.377792,0.3355250000000001
repeated,candidate,0,0.002387000000000139,1.99775,0.05068699999999993,39.060542,200,5,0.016527999999999654,7.3395,12,1,2307172304,6613172224,0.24046600000000007,281.42125,0.2593740000000002,289.820291,0.24284500000000042,282.477458,0.3125849999999999
repeated,candidate,0,0.0019059999999999633,1.664667,0.04954400000000003,38.229166,200,5,0.017437000000000147,7.5935,13,1,2307171136,6613172224,0.25159699999999985,324.694792,0.2711290000000002,333.283667,0.25368900000000005,325.686792,0.3226930000000001
repeated,candidate,0,0.00563799999999981,4.073167,0.05925199999999986,51.050875,200,5,0.02384200000000014,9.22075,14,1,2307166568,6613139456,0.23492700000000033,274.513541,0.26203699999999985,285.271416,0.23818700000000037,276.040458,0.3270710000000001
repeated,candidate,0,0.0021589999999998,1.795584,0.05209499999999956,38.287958,200,5,0.016983999999999888,7.48675,15,1,2307192128,6613139456,0.25550100000000064,328.766958,0.2746930000000001,337.197125,0.2577069999999999,329.707416,0.3290740000000003
repeated,candidate,0,0.004431000000000296,3.478709,0.048169999999999824,44.265458,200,5,0.017211999999999783,7.628208,16,1,2307189144,6613106688,0.23704699999999956,279.828541,0.256748,288.496791,0.23953299999999977,280.864375,0.3094779999999995
repeated,candidate,0,0.0018580000000003594,1.562583,0.04986400000000035,38.364041,200,5,0.01746800000000004,7.663125,17,1,2307190056,6613106688,0.2541789999999997,325.199833,0.2741410000000002,333.909667,0.2566700000000006,326.24325,0.32599900000000037
repeated,candidate,0,0.0017450000000005517,1.531,0.051571000000000033,39.715459,200,5,0.016791999999999696,7.422167,18,1,2307190264,6613106688,0.23713500000000032,277.943458,0.256132,286.379333,0.23933800000000005,278.953625,0.3095750000000006
repeated,candidate,0,0.005287000000000042,4.019042,0.05337600000000009,46.206542,200,5,0.02009300000000014,7.64775,19,1,2307199944,6613106688,0.26026099999999985,332.414459,0.28328500000000023,341.179959,0.2631880000000004,333.527084,0.3420829999999997
repeated,candidate,0,0.005118999999999652,4.0275,0.05000400000000038,48.078667,200,5,0.019079999999999764,7.706166,20,1,2307203992,6613106688,0.24130200000000013,277.869625,0.2627309999999996,286.552583,0.24364700000000017,278.841875,0.31798700000000046
