round,case,latency_seconds,api_return_seconds
0,start_first_sql,0.051782542,0.050641292
0,start_seeded,0.064406834,
0,snapshot,0.363873875,
0,fork_first_sql,0.123290333,0.119816459
1,start_first_sql,0.052261666,0.051144708
1,start_seeded,0.064896708,
1,snapshot,0.366698583,
1,fork_first_sql,0.12382725,0.120397333
2,start_first_sql,0.052928,0.05182675
2,start_seeded,0.064527625,
2,snapshot,0.35722,
2,fork_first_sql,0.12319325,0.119630334
3,start_first_sql,0.053578791,0.052439166
3,start_seeded,0.065712,
3,snapshot,0.352960875,
3,fork_first_sql,0.126879459,0.123615417
4,start_first_sql,0.052112334,0.050937875
4,start_seeded,0.064716208,
4,snapshot,0.350185917,
4,fork_first_sql,0.123233,0.119741416
5,start_first_sql,0.052890375,0.05173675
5,start_seeded,0.067944709,
5,snapshot,0.359533417,
5,fork_first_sql,0.122351875,0.1192
6,start_first_sql,0.055377125,0.054302958
6,start_seeded,0.071637833,
6,snapshot,0.357600125,
6,fork_first_sql,0.129202709,0.126289625
7,start_first_sql,0.057907459,0.05672575
7,start_seeded,0.065722541,
7,snapshot,0.361856125,
7,fork_first_sql,0.122233125,0.118610167
8,start_first_sql,0.054140542,0.053089083
8,start_seeded,0.071709709,
8,snapshot,0.351830416,
8,fork_first_sql,0.124754125,0.121544625
9,start_first_sql,0.056498667,0.055346333
9,start_seeded,0.067537125,
9,snapshot,0.369242,
9,fork_first_sql,0.134134709,0.130603083
10,start_first_sql,0.053079709,0.052015709
10,start_seeded,0.065730375,
10,snapshot,0.349794625,
10,fork_first_sql,0.129058042,0.125323667
11,start_first_sql,0.053288792,0.051874209
11,start_seeded,0.065873,
11,snapshot,0.359284042,
11,fork_first_sql,0.123495,0.119904209
12,start_first_sql,0.052083458,0.050974625
12,start_seeded,0.068983,
12,snapshot,0.359139208,
12,fork_first_sql,0.120852417,0.117078083
13,start_first_sql,0.052972208,0.051753
13,start_seeded,0.0643645,
13,snapshot,0.372503458,
13,fork_first_sql,0.121781125,0.118621375
14,start_first_sql,0.053005667,0.051854875
14,start_seeded,0.064397292,
14,snapshot,0.345700208,
14,fork_first_sql,0.127212916,0.123398792
15,start_first_sql,0.055083333,0.053938958
15,start_seeded,0.066633916,
15,snapshot,0.365660209,
15,fork_first_sql,0.125041708,0.122098959
16,start_first_sql,0.055641875,0.054465583
16,start_seeded,0.066368791,
16,snapshot,0.349689584,
16,fork_first_sql,0.12152125,0.118075291
17,start_first_sql,0.05270075,0.051502667
17,start_seeded,0.067274959,
17,snapshot,0.346459042,
17,fork_first_sql,0.125925417,0.122543083
18,start_first_sql,0.05420675,0.053032167
18,start_seeded,0.066669291,
18,snapshot,0.356221583,
18,fork_first_sql,0.122907,0.119184917
19,start_first_sql,0.05570575,0.05446225
19,start_seeded,0.071899041,
19,snapshot,0.34660225,
19,fork_first_sql,0.12849125,0.125129542
20,start_first_sql,0.053510167,0.052379792
20,start_seeded,0.064420875,
20,snapshot,0.349583833,
20,fork_first_sql,0.1247845,0.121288334
21,start_first_sql,0.057191459,0.05599175
21,start_seeded,0.06472225,
21,snapshot,0.344143,
21,fork_first_sql,0.1217765,0.118623584
22,start_first_sql,0.051703458,0.050604958
22,start_seeded,0.072604542,
22,snapshot,0.35016525,
22,fork_first_sql,0.124719209,0.121290417
23,start_first_sql,0.053073,0.051932292
23,start_seeded,0.065587833,
23,snapshot,0.349013333,
23,fork_first_sql,0.124563416,0.121198666
24,start_first_sql,0.055447917,0.054251542
24,start_seeded,0.067962458,
24,snapshot,0.349196833,
24,fork_first_sql,0.127164417,0.123928041
25,start_first_sql,0.054782833,0.053502792
25,start_seeded,0.067957625,
25,snapshot,0.346703583,
25,fork_first_sql,0.137970584,0.134206583
26,start_first_sql,0.052004458,0.050941292
26,start_seeded,0.067447875,
26,snapshot,0.345161625,
26,fork_first_sql,0.122329166,0.118681417
27,start_first_sql,0.05677275,0.055612583
27,start_seeded,0.066878042,
27,snapshot,0.364428083,
27,fork_first_sql,0.132658291,0.129385834
28,start_first_sql,0.056709125,0.055497416
28,start_seeded,0.068679583,
28,snapshot,0.349503875,
28,fork_first_sql,0.129421584,0.126262292
29,start_first_sql,0.052979083,0.05185625
29,start_seeded,1.077352917,
29,snapshot,0.3453215,
29,fork_first_sql,0.125492875,0.12149325
