case,mode,metric,trials,samples,go126_p50,go126_p95,go126_min,go126_max,go127_p50,go127_p95,go127_min,go127_max,delta_percent,paired_ci_low,paired_ci_high
fixture,fork,child_close,30,120,0.008352604,0.0089469893,0.0078945,0.011551792,0.008398063,0.0090909396,0.0074225,0.013421375,0.5442494340687221,-0.8290261314924774,0.4274378648778112
fixture,fork,count_use,30,120,0.0361216875,0.04471429934999999,0.02943075,0.06898525,0.036896042000000004,0.046676994049999976,0.028774708,0.090199542,2.1437384396839176,-0.24342761353969844,3.075224431735779
fixture,fork,fork_ready,30,120,0.06643550000000001,0.08054265,0.056288708,0.095979791,0.067174417,0.07971815624999999,0.05547575,0.338814916,1.1122321650322453,-2.628497515664685,2.995053476187659
fixture,fork,heap_alloc_bytes,30,30,14963100.0,15088619.6,14812600,15163536,15058724.0,15122844.4,14784504,15136232,0.6390654343017221,0.30190786803833136,0.8585386839626841
fixture,fork,heap_sys_bytes,30,30,573865984.0,576187596.8,561283072,586448896,565493760.0,573898752.0,548667392,582287360,-1.4589162336549943,-0.7307791712088507,0.002855021983672046
fixture,fork,mallocs_delta,30,30,157023.5,161916.7,151642,162470,156166.5,160012.2,150041,162979,-0.5457781796992189,-1.1143591949143494,0.14639743606652544
fixture,fork,mutation,30,120,0.0681885625,0.08204989759999998,0.05955025,0.212734,0.068191812,0.08146562885,0.05852075,0.141556875,0.00476546194974059,-1.9035986824575135,1.8272076736911378
fixture,fork,num_gc_delta,30,30,7.0,7.0,7,7,7.0,7.0,7,7,0.0,0.0,0.0
fixture,fork,pause_ns_delta,30,30,579957.0,686591.3999999999,497959,783792,579896.0,1508357.2499999998,511415,2987834,-0.010518021163641311,-5.709792366301958,18.617901156143745
fixture,fork,point_use,30,120,0.0030337289999999998,0.005232489249999999,0.001595541,0.005967625,0.002942,0.0062148202,0.001601875,0.011543375,-3.023638564947617,-16.635167555302655,7.573696434594868
fixture,fork,prepare_setup,30,30,0.6454059995,0.68457025015,0.599920416,0.696030541,0.632852938,0.7302460499999999,0.589239125,0.756536,-1.944986800513937,-3.3509486498937537,-0.19222501359700828
fixture,fork,prepare_start,30,30,0.058470833,0.0672779894,0.053051916,0.068804958,0.057948292,0.0675509122,0.049906916,1.1275269589999999,-0.893678049703861,-3.4915263085520234,3.7659515818083134
fixture,fork,process_peak_rss_bytes,30,30,687251456.0,698318028.8,646922240,698859520,687742976.0,688915251.2,646955008,697384960,0.07151967387029057,-1.3419941292854287,0.19562821945330322
fixture,fork,snapshot,30,30,0.48995297849999997,0.5336093311,0.427260583,0.539917541,0.4626089165,0.6014710001499999,0.41894675,0.641592833,-5.58095637742918,-7.62648578412386,2.232697861484667
fixture,fork,snapshot_close,30,30,0.0033615625,0.00419908965,0.002608792,0.004645125,0.0030823125,0.004417143749999998,0.001967584,0.005074625,-8.307148833317834,-15.388040721887993,4.763277219818319
fixture,fork,sql_commit,30,120,0.00017595799999999998,0.00023463954999999997,0.000123292,0.000387042,0.0001745835,0.00022778125,0.000115291,0.000431708,-0.7811523204400928,-6.476468541224572,2.62306712805207
fixture,fork,sql_insert,30,120,0.000581354,0.0006857232499999998,0.000457208,0.001302917,0.000573396,0.0006891579999999999,0.0004745,0.001507875,-1.368873354272948,-3.0238433419338184,2.828718432148558
fixture,fork,sql_rollback,30,120,0.0001903125,0.00022952705,0.000127958,0.000262167,0.0001889585,0.00025798509999999994,0.000121916,0.000533125,-0.7114614121510598,-2.611586284833706,2.744722701027691
fixture,fork,sql_update,30,120,0.0004401465,0.00054154165,0.00034475,0.001179666,0.0004348545,0.00054461525,0.000328917,0.0021635,-1.2023269525033187,-2.7166685593135314,1.7720761572460053
fixture,fork,suite_cpu_seconds,30,30,2.2835555000000003,2.4593635499999995,2.121615,2.498138,2.2769209999999998,2.5008355499999997,2.056864,2.6146330000000004,-0.2905337750713999,-1.911501478512534,0.9058396172726413
fixture,fork,suite_product_seconds,30,30,1.9391112295,2.08377708125,1.7760043350000003,2.166873125000001,1.9062919170000003,2.436046573249999,1.7381705039999997,3.0299024180000003,-1.6924925192899898,-2.556387399904392,1.5433165930243686
fixture,fork,total_alloc_delta,30,30,702111532.0,702469118.4,701736560,702531872,702256744.0,702522514.4,701796160,702745536,0.02068218415189893,0.01310409384874811,0.03017658907601417
fixture,fresh,child_close,30,120,0.008190729,0.0095832681,0.007390042,0.028379084,0.0082139795,0.009895427099999998,0.007330083,0.0123545,0.2838636219071322,-1.505216437699275,1.914160362174111
fixture,fresh,count_use,30,120,0.0323973335,0.0363998827,0.027744458,0.053408125,0.031648542,0.04214631425,0.027744333,0.0573925,-2.311275093056653,-3.650674145561222,0.6575839676301154
fixture,fresh,fresh_ready,30,120,0.0647554795,0.08680605895,0.052329959,1.09839175,0.0647440625,0.09913256214999999,0.053573875,1.075366958,-0.017630940405588547,-1.7877341105280307,3.709195667077969
fixture,fresh,fresh_setup,30,120,0.6432316044999999,0.7261927714499999,0.586034583,0.941200792,0.6444851455,0.7509938985499999,0.588661708,0.958639333,0.19488174884916276,-1.0390284626779933,0.5257911492847933
fixture,fresh,heap_alloc_bytes,30,30,259010168.0,270331858.8,258753968,270394632,259050684.0,270439486.4,258754792,270472984,0.01564262913416048,-0.005771021713596447,0.06290417475682819
fixture,fresh,heap_sys_bytes,30,30,481558528.0,481624064.0,477331456,485687296,481558528.0,485705318.4,477233152,485752832,0.0,-0.013607293509321217,0.006804804262661168
fixture,fresh,mallocs_delta,30,30,294121.5,298627.7,286970,300437,290390.0,297335.95,279002,298488,-1.2686933801167255,-1.5653956234800148,-0.9068564208822738
fixture,fresh,mutation,30,120,0.0685858755,0.0783330399,0.057819959,0.085752416,0.06795137500000001,0.0932749604,0.058086375,0.198436958,-0.925118321191365,-3.1856755378731174,2.818602426809025
fixture,fresh,num_gc_delta,30,30,9.0,9.0,9,9,9.0,9.0,9,9,0.0,0.0,0.0
fixture,fresh,pause_ns_delta,30,30,637064.0,833790.95,552250,1035753,722956.0,1113457.6999999995,625124,1575291,13.482475857998576,4.6029849113216725,23.500760651914277
fixture,fresh,point_use,30,120,0.001191667,0.0016681089999999999,0.000894917,0.001904041,0.001212646,0.0016641461499999999,0.000759,0.007873791,1.7604750320349583,-4.586230540693367,4.236298864888422
fixture,fresh,process_peak_rss_bytes,30,30,488169472.0,497855692.8,468713472,498139136,488202240.0,498104729.6,473890816,498302976,0.006712423016907998,-0.26332442540533685,0.22859463187253626
fixture,fresh,sql_commit,30,120,0.000159771,0.00021256839999999995,8.7333e-05,0.000320791,0.0001661045,0.00020638394999999998,0.000118417,0.000455959,3.9641111340606106,-0.5432859211243535,7.661986247784702
fixture,fresh,sql_insert,30,120,0.0005416665000000001,0.0006152520999999999,0.000427208,0.001059958,0.0005408125,0.0006836523999999999,0.000437584,0.002104833,-0.15766158697281263,-2.480261471649042,1.4343583449225927
fixture,fresh,sql_rollback,30,120,0.00018552100000000001,0.00022871635,0.000107208,0.000444333,0.0001885625,0.00025155895,0.000134125,0.000802041,1.639437044862846,-2.3017871874805476,4.63840219003705
fixture,fresh,sql_update,30,120,0.0004320415,0.00052046425,0.000308375,0.000747042,0.0004178745,0.0006234485499999982,0.0003405,0.004200333,-3.279083143633188,-4.620474298726962,2.1971768757815813
fixture,fresh,suite_cpu_seconds,30,30,3.639326,3.862323,3.306604,3.912736,3.582953,4.02490275,3.3352929999999996,4.055039,-1.548995610725723,-1.0301602900910978,0.7092404164922295
fixture,fresh,suite_product_seconds,30,30,3.3351039165,3.6349983954500003,3.0080037909999997,4.31167075,3.2849109180000005,3.7654913426999994,3.0514117490000006,4.618829998000001,-1.5049905417242382,-0.9871886273840169,1.0711022306588047
fixture,fresh,total_alloc_delta,30,30,1242110448.0,1242414738.0,1241572184,1242561192,1242073912.0,1242575202.4,1241293416,1242720232,-0.0029414453488252335,-0.0056972319986137165,0.004815133435775998
large,fork,child_close,6,24,0.010823104,0.01221385175,0.009559209,0.012873542,0.011284146,0.012881606249999998,0.009301916,0.014628417,4.259794602361766,-3.8489959794738624,11.564514597181152
large,fork,count_use,6,24,0.44204554149999997,0.52903206885,0.36649325,0.615478541,0.43548670899999997,0.6121522686999998,0.361361083,0.634818125,-1.483745877798881,-13.015501982899636,16.72030737633238
large,fork,fork_ready,6,24,0.08139827050000001,0.10505025619999998,0.065734667,0.115107958,0.08667093749999999,0.10096499555,0.064042292,0.11786225,6.477615516413193,-2.817248217301599,13.325069222727471
large,fork,heap_alloc_bytes,6,6,851373396.0,937691418.0,849556368,965797264,852238008.0,852874444.0,851823640,853009496,0.10155497036461458,-5.8884182089236345,0.29078399104125463
large,fork,heap_sys_bytes,6,6,1030848512.0,1046626304.0,1026719744,1051852800,1001553920.0,1030897664.0,976388096,1030914048,-2.841794081185034,-4.890695753908513,6.062249646721085e-07
large,fork,mallocs_delta,6,6,1405401.5,1424914.25,1378651,1429196,1410019.0,1417675.0,1406351,1419894,0.32855379761584924,-0.37333614673800697,1.895145825814315
large,fork,mutation,6,24,0.8925907710000001,1.1003082313,0.804395,1.278200208,0.8784840835000001,1.1570930268,0.805886958,1.391064125,-1.5804204970880198,-13.705882648565893,9.189003131373308
large,fork,num_gc_delta,6,6,9.0,9.0,8,9,9.0,9.0,9,9,0.0,0.0,6.25
large,fork,pause_ns_delta,6,6,684207.0,770741.0,523249,785126,669083.0,2383447.5,376959,2858791,-2.210442161509607,-41.57332743444226,188.69920125715822
large,fork,point_use,6,24,0.0054265415,0.01801063755,0.002409917,0.018528458,0.0039782080000000004,0.016494543849999998,0.002103417,0.017580417,-26.689807863811588,-51.62050599456358,70.07557178937768
large,fork,prepare_setup,6,6,7.238413188,7.85439161425,6.99667225,7.996122958,7.4935348955,7.845395729,6.945870333,7.876216125,3.5245529769279527,-6.577001478739969,8.439607558209183
large,fork,prepare_start,6,6,0.14132143749999998,0.153735698,0.136535334,0.155690875,0.10352645799999999,0.167804396,0.053285833,0.17481025,-26.743981782664783,-61.92623477873196,9.527880078526174
large,fork,process_peak_rss_bytes,6,6,1102471168.0,1143705600.0,1064239104,1147502592,1143046144.0,1231523840.0,1063665664,1235009536,3.680366178972938,-3.2115003400327025,15.021071128929508
large,fork,snapshot,6,6,0.897479854,1.0305944894999999,0.859056375,1.031871708,0.9382440205,1.08291218725,0.781951709,1.089982958,4.542070367186213,-11.293325300206163,15.122248852960418
large,fork,snapshot_close,6,6,0.0080644375,0.014938593500000001,0.005445375,0.016905208,0.010083771,0.01277589575,0.00755,0.013098083,25.039979539800505,-23.307281118537194,91.70853937620376
large,fork,sql_commit,6,24,0.00022124999999999998,0.0004471161999999999,0.000159167,0.00053,0.00021775,0.00044052054999999977,0.000151459,0.000477917,-1.5819209039547921,-12.68751862128541,9.315432252889666
large,fork,sql_insert,6,24,0.0008311875,0.00117533925,0.000659959,0.001355,0.00083425,0.0012206642999999999,0.000663959,0.00220275,0.36844875554553624,-9.20019108900869,17.732640643193243
large,fork,sql_rollback,6,24,0.00024287499999999998,0.0017330124499999999,0.000188208,0.001798375,0.0002453335,0.0015752286999999995,0.000210834,0.001631708,1.0122490993309308,-19.289173502041066,19.114087522655264
large,fork,sql_update,6,24,0.0006128959999999999,0.0056839268,0.000531584,0.007481958,0.000635229,0.0067834125499999995,0.000497417,0.007067875,3.6438482222106217,-9.030538192392134,18.44279400100457
large,fork,suite_cpu_seconds,6,6,18.106842999999998,19.34671925,17.378235999999998,19.566052,18.4961015,19.247522,17.270501000000003,19.346186,2.1497866856193815,-4.926514692557649,6.339727722521749
large,fork,suite_product_seconds,6,6,14.0766591045,15.242843343499997,13.541073540000003,15.303581540999998,14.473922375500006,15.400824196750001,13.243942416000001,15.503732290000002,2.8221417315775543,-6.29600588219073,9.140772930739438
large,fork,total_alloc_delta,6,6,2155635532.0,2157203228.0,2153794256,2157575416,2156396616.0,2156915604.0,2155995016,2157011648,0.03530671065223867,-0.0028056466236436872,0.1061118973383346
large,fresh,child_close,6,24,0.0096778955,0.017961729399999998,0.008649,0.018827458,0.009988,0.016548125049999998,0.008534875,0.02016875,3.2042555119550453,-6.102232404408858,24.07174060225935
large,fresh,count_use,6,24,0.40019079199999996,0.61710722325,0.345762083,1.016295,0.403948729,0.5061100188,0.344246,0.536663042,0.9390363484425235,-25.579320487523162,15.39334199093948
large,fresh,fresh_ready,6,24,0.0917600835,0.15840656259999997,0.053301625,0.16546325,0.1013091875,0.1613719625,0.067351125,0.2009545,10.40659907420418,-6.541604057302814,21.820269644981927
large,fresh,fresh_setup,6,24,7.4155797705,10.324228308999997,6.8486196249999995,10.937591916,7.475963291999999,9.429653979449999,6.740787625,9.799128666,0.8142791712687281,-13.265504788420762,12.366827552210967
large,fresh,heap_alloc_bytes,6,6,712516808.0,713053278.0,711267968,713072040,712031584.0,713605718.0,711302760,713939800,-0.06810000754395862,-0.1747653418678663,0.09577006454791759
large,fresh,heap_sys_bytes,6,6,1099939840.0,1123098624.0,1051754496,1123123200,1114685440.0,1123131392.0,1106280448,1123155968,1.3405824085797269,-0.7469651974575386,5.149797131138579
large,fresh,mallocs_delta,6,6,2842903.0,2871930.75,2794491,2875848,2807426.5,2850125.75,2772008,2852267,-1.2478969560340225,-2.22427754397076,0.41323270625406305
large,fresh,mutation,6,24,0.8654895415,1.2777734892999997,0.791422417,1.5956372079999999,0.858152729,1.07131406065,0.759682,1.089790291,-0.847706661744807,-16.62203639857322,10.298740653862549
large,fresh,num_gc_delta,6,6,25.0,25.0,25,25,25.0,25.0,25,25,0.0,0.0,0.0
large,fresh,pause_ns_delta,6,6,2381582.0,2620287.75,1841380,2678078,2371082.5,2562435.0,2291375,2589288,-0.4408624183420917,-6.841438159737933,17.74847594260397
large,fresh,point_use,6,24,0.0015995624999999999,0.016614112399999978,0.000975167,0.020642083,0.001506646,0.015885379499999998,0.001056,0.016291917,-5.80886961278474,-38.54786477246374,53.00930454848657
large,fresh,process_peak_rss_bytes,6,6,1069260800.0,1114898432.0,992198656,1127448576,1051967488.0,1101369344.0,1041891328,1103298560,-1.617314690672289,-4.6272836832167155,5.614828924485082
large,fresh,sql_commit,6,24,0.00021289600000000002,0.0004343875999999996,0.000171,0.000985167,0.000204375,0.0004525018,0.000176959,0.000469083,-4.002423718623183,-15.33740024822669,3.222378434386769
large,fresh,sql_insert,6,24,0.000812625,0.0012001837999999995,0.000648333,0.001292708,0.0007632495,0.00101014205,0.000506833,0.001159416,-6.0760498384863855,-15.87977421412356,10.8916495666181
large,fresh,sql_rollback,6,24,0.000245604,0.0019144472999999987,0.000193792,0.002246,0.0002339585,0.0017963061499999995,0.000201042,0.00209025,-4.741575870099846,-23.33276348405231,17.88777582450427
large,fresh,sql_update,6,24,0.0006411875,0.00705048755,0.000500958,0.008191,0.0005910415,0.008829637599999999,0.000517916,0.008955666,-7.820801247684961,-18.379048380028074,13.239840191750973
large,fresh,suite_cpu_seconds,6,6,40.9240245,50.54921475,38.794184,53.104547,41.041196,45.11444525,37.804758,45.251349000000005,0.286314704947932,-13.546646406864083,11.250332619028914
large,fresh,suite_product_seconds,6,6,35.84217714750001,44.70840193674999,33.509955833,47.028196873999995,35.641325708000004,39.777706166499996,32.97057912500001,39.790335,-0.5603773416816948,-14.906000851411516,12.892508005443648
large,fresh,total_alloc_delta,6,6,6002321724.0,6004747728.0,5998816448,6005079456,6000897064.0,6004130718.0,5998329264,6004265960,-0.023735148922521265,-0.0613502129592991,0.035398877255554684
light,fork,child_close,30,120,0.0083152705,0.008991458649999999,0.007531792,0.011053292,0.008313417,0.00984100625,0.007772708,0.014757958,-0.022290315149686712,-1.1789120427942223,1.0465743921067694
light,fork,count_use,30,120,0.0002880205,0.00038846459999999976,0.000191084,0.001386584,0.0002872085,0.0005573523999999998,0.000191209,0.0011035,-0.2819243769106694,-6.109787401771921,2.3899073739627963
light,fork,fork_ready,30,120,0.055559333,0.061773339549999993,0.052186333,0.103167875,0.055847499499999995,0.06385112355,0.052020625,0.101787625,0.5186644339304713,-0.906878748398332,2.9210573311970633
light,fork,heap_alloc_bytes,30,30,13458688.0,13496571.2,13435592,13515176,13514004.0,13535726.4,13483640,13543592,0.4110058870522959,0.36271780226988515,0.46978483639324997
light,fork,heap_sys_bytes,30,30,498434048.0,498484838.4,494174208,498499584,498401280.0,498466816.0,481558528,498499584,-0.006574189731112234,-0.013148379462235571,0.0
light,fork,mallocs_delta,30,30,27851.5,28252.35,26851,28274,27169.5,27543.15,25982,27637,-2.448701147155452,-2.9589506509006824,-1.859241022901817
light,fork,mutation,30,120,0.003093625,0.003894874999999997,0.002314,0.011185209,0.0031679789999999996,0.0041052434500000005,0.002021167,0.00477725,2.4034587256050566,0.11824285424116843,7.23780394342125
light,fork,num_gc_delta,30,30,4.0,4.0,4,4,4.0,5.0,4,5,0.0,0.0,0.0
light,fork,pause_ns_delta,30,30,234562.5,304168.89999999997,182292,347834,233520.5,421260.0499999995,199293,772627,-0.4442312816413496,-11.844901624774284,18.24265651922876
light,fork,point_use,30,120,0.0028413125,0.0035236232499999995,0.001591417,0.005388666,0.00281125,0.004027903849999999,0.00139775,0.004891208,-1.0580497569345204,-4.076547609571618,4.528517511464414
light,fork,prepare_setup,30,30,0.007812667,0.0082700795,0.007089083,0.0086985,0.007788688,0.008430891999999999,0.006797084,0.009020833,-0.3069246391789182,-2.802206680299685,0.7113501584989579
light,fork,prepare_start,30,30,0.052501458,0.0592697144,0.050084584,0.06559075,0.0538076465,0.06636353109999996,0.049731708,1.064490417,2.48790900245095,-0.7012515981288603,3.8309314565104224
light,fork,process_peak_rss_bytes,30,30,581369856.0,581724569.6,556711936,581779456,581730304.0,582165299.2,578781184,582336512,0.06199977454628414,0.03379615287126825,0.08032114772507093
light,fork,snapshot,30,30,0.37590425000000005,0.43272806264999997,0.346251125,0.46003275,0.377748979,0.4221267911499999,0.344271417,0.493497125,0.4907443850395321,-4.5801194414059605,1.6835580443713138
light,fork,snapshot_close,30,30,0.002739854,0.0039399165499999994,0.002288083,0.004997,0.002641396,0.00363105625,0.002290291,0.005732334,-3.593549145319419,-12.292753386569943,3.398363902161767
light,fork,sql_commit,30,120,0.000184875,0.000226983,0.000117292,0.000480625,0.00018841700000000002,0.00023145769999999998,0.000104292,0.000536417,1.9158891142664114,-4.145968667251526,10.494354327226773
light,fork,sql_insert,30,120,0.0003447915,0.0005021899,0.000275084,0.003414041,0.000347187,0.00045830204999999986,0.000260917,0.000854292,0.6947677074405689,-1.102401324057467,5.4657709531842125
light,fork,sql_rollback,30,120,0.000171958,0.00023449615,0.000109958,0.000611334,0.000175104,0.00022457884999999998,0.0001,0.000302791,1.8295165098454413,-1.6958034259413224,3.778672367988304
light,fork,sql_update,30,120,0.0003575625,0.00048319615,0.000294458,0.001347125,0.0003600415,0.00044520030000000003,0.000262125,0.000797334,0.6933053661947186,-1.1640068050850993,4.4196123478885685
light,fork,suite_cpu_seconds,30,30,0.719485,0.76881545,0.683399,0.80408,0.715797,0.7898813499999998,0.6812750000000001,0.8184950000000001,-0.5125888656469568,-2.463613233146317,1.5642145038465727
light,fork,suite_product_seconds,30,30,0.7167895000000002,0.8103672194999999,0.6891504150000001,0.8326954169999999,0.7218877270000001,0.8914596223999999,0.6837708329999997,1.7521510790000003,0.7112586052111514,-2.5894400429129494,1.4269166129815325
light,fork,total_alloc_delta,30,30,502857948.0,502888394.4,502794016,502919704,502907672.0,502947511.2,502820856,502961816,0.009888279622072282,0.007503480167858623,0.012371282175216436
light,fresh,child_close,30,120,0.0084445,0.009116627099999998,0.007782,0.011799875,0.008463188,0.00896673785,0.007538583,0.015543166,0.22130380721179232,-1.070140226495131,1.0907263017163382
light,fresh,count_use,30,120,0.0002769375,0.0003616083,0.0001865,0.002290542,0.000280187,0.00034322355,0.00017825,0.001344209,1.173369442563743,-1.5421142345383332,6.79305985750831
light,fresh,fresh_ready,30,120,0.057570938,0.06532514825,0.049750125,1.067323291,0.0577457085,0.06779052675000001,0.048751417,0.079956916,0.30357417487274496,-2.7398996102037163,0.23396160673301303
light,fresh,fresh_setup,30,120,0.0069267705,0.00809816045,0.006232541,0.008667333,0.007084625000000001,0.00805236455,0.006330708,0.008607125,2.2789047219046843,-1.0302794801390291,2.9546980127272637
light,fresh,heap_alloc_bytes,30,30,158491176.0,158502566.4,158476408,158504856,158544848.0,158568628.4,158523352,158579880,0.03386434586112319,0.03173972880650133,0.03705561270443969
light,fresh,heap_sys_bytes,30,30,385155072.0,385205862.4,380928000,385220608,385122304.0,385187840.0,380928000,385187840,-0.008507742045260613,-0.01276088931271846,0.0
light,fresh,mallocs_delta,30,30,27180.0,27356.1,26167,27524,26557.0,26691.1,26103,26749,-2.2921265636497434,-2.579659297605885,-2.106676858143036
light,fresh,mutation,30,120,0.002962104,0.00352519825,0.001829375,0.034146625,0.002959396,0.0037040089499999996,0.001746416,0.005301041,-0.09142150309374708,-5.683923248601741,3.162184217379993
light,fresh,num_gc_delta,30,30,5.0,5.0,5,5,5.0,5.0,5,5,0.0,0.0,0.0
light,fresh,pause_ns_delta,30,30,377687.0,496067.8999999999,324293,749374,392999.5,453135.05,323792,564333,4.054283043896145,-4.780875076114638,12.992803349536553
light,fresh,point_use,30,120,0.0011991875,0.00175045865,0.000650875,0.002947667,0.0011608125,0.0018050499999999999,0.000654583,0.003213334,-3.200083389795172,-7.601377315100461,6.574037387500564
light,fresh,process_peak_rss_bytes,30,30,302391296.0,376772198.39999986,301645824,402751488,302686208.0,376706662.39999986,302153728,402931712,0.09752661663913198,-0.04056244836740941,0.2602613457680425
light,fresh,sql_commit,30,120,0.000163041,0.00022339439999999997,9.2209e-05,0.000393583,0.000157708,0.00020520384999999999,8.2833e-05,0.000317125,-3.270956385203716,-7.144565856950252,3.554571906078541
light,fresh,sql_insert,30,120,0.000337334,0.0004445708,0.000203417,0.001263041,0.000339854,0.00043939759999999994,0.000208834,0.000791417,0.7470340967705491,-3.684939037112537,10.528023959315265
light,fresh,sql_rollback,30,120,0.000190958,0.00025327710000000003,0.00010425,0.000618875,0.0001816465,0.00024009375,0.000101791,0.000370833,-4.876203144146885,-7.368338616468584,1.6228279310690152
light,fresh,sql_update,30,120,0.000342354,0.00044536454999999993,0.000226458,0.001210708,0.00034558349999999995,0.00042442945000000003,0.000240667,0.000633166,0.9433218247778541,-4.294557472139015,5.77733869005681
light,fresh,suite_cpu_seconds,30,30,0.27970550000000005,0.2941199,0.26565700000000003,0.300782,0.28210349999999995,0.30622475,0.26480000000000004,0.34440499999999996,0.8573302991896403,-0.760095564293306,1.8758285594551505
light,fresh,suite_product_seconds,30,30,0.31192971,0.8799071003999974,0.301244665,1.357715042,0.3131995205,0.329555737,0.29716429,0.3723772919999999,0.40708225580692314,-2.1215014753215744,0.7324714207802563
light,fresh,total_alloc_delta,30,30,633335024.0,633355450.4,633273592,633369552,633406160.0,633436077.6,633366600,633454240,0.011231970016556403,0.010109018719750562,0.01367655617369179
load,fork,child_close,30,120,0.009741813,0.01133502115,0.00835525,0.013275541,0.009328979,0.011817897899999999,0.008042959,0.025027583,-4.237753280626522,-5.760903783265448,2.3823540966808276
load,fork,count_use,30,120,0.00039383349999999996,0.0007342229,0.000280917,0.001195417,0.000378021,0.0007558649,0.000252041,0.001337959,-4.015021576376821,-11.965547295302226,8.323423838797817
load,fork,fork_ready,30,120,0.07399141649999999,0.0959338726,0.054347084,0.12277425,0.072671979,0.10759390175,0.054752667,0.196564459,-1.7832304913367847,-6.35533964045088,4.924506714426709
load,fork,heap_alloc_bytes,30,30,13455032.0,13478344.4,13415304,13498232,13519664.0,13546948.4,13492408,13549440,0.4803556022757949,0.3759826533745292,0.5773731946366878
load,fork,heap_sys_bytes,30,30,498434048.0,500737638.4,494206976,502628352,498417664.0,502580838.4,485785600,502595584,-0.003287094865556117,-0.013147515119638076,0.003287310979616098
load,fork,load_snapshot,30,30,0.1631881455,0.21826609184999998,0.142309,0.231009375,0.1657807295,0.23115416669999986,0.141766209,0.300011042,1.5887085376554033,-5.435966182039175,6.444743574849697
load,fork,mallocs_delta,30,30,28539.5,29018.25,27725,29117,27842.0,28315.55,27339,28767,-2.443981148933938,-3.016311125709664,-1.5164162493043976
load,fork,mutation,30,120,0.003789396,0.006984085449999998,0.002816667,0.032705417,0.003816396,0.006836162149999999,0.002491417,0.00981525,0.7125146065494414,-6.1381315266675,6.396267176323578
load,fork,num_gc_delta,30,30,4.0,4.0,4,4,4.0,5.0,4,5,0.0,0.0,0.0
load,fork,pause_ns_delta,30,30,275104.0,448175.0999999998,210415,492752,285957.0,1231926.6999999962,234001,15665043,3.9450535070373327,-13.10485384570385,15.431528894913937
load,fork,point_use,30,120,0.0042738335,0.007265856249999999,0.001593417,0.012259458,0.0044147084999999996,0.006825533,0.001630917,0.025567709,3.296221062425553,-6.894174065649872,5.9035365814358425
load,fork,prepare_setup,30,30,0.007766208,0.0093836106,0.007055917,0.011651959,0.007735521,0.010180412499999993,0.007067709,0.011907917,-0.3951349229894374,-8.019002320224416,3.398652870864892
load,fork,prepare_start,30,30,0.0596044165,0.0870284397,0.051700417,0.253380875,0.059655041500000006,0.12703483749999983,0.051119833,0.19055375,0.08493498128616661,-4.4738718287765264,5.387905513252667
load,fork,process_peak_rss_bytes,30,30,582737920.0,583148339.2,571424768,583483392,582836224.0,583421132.8,576618496,593166336,0.01686933295845794,-0.04497287928745819,0.06466850362705223
load,fork,snapshot,30,30,0.4935187915,0.6713388310999998,0.423486208,0.75818075,0.5052705005,0.6553003918499999,0.434137167,0.689658,2.3812080112049827,-6.5853757930715515,3.7883582656931702
load,fork,snapshot_close,30,30,0.003439417,0.004571183299999999,0.001696,0.011876791,0.003033104,0.00465752705,0.001816959,0.004784458,-11.81342651966889,-22.01236028616797,5.195061039253623
load,fork,sql_commit,30,120,0.0002033965,0.00035989165,0.00013075,0.007871917,0.00019864550000000001,0.00038791875,0.000117916,0.000527375,-2.335831737517602,-8.00226677036307,6.592560801144498
load,fork,sql_insert,30,120,0.000435459,0.0007384315999999999,0.000316666,0.00109775,0.00043281250000000004,0.0008527776999999999,0.000319,0.004052916,-0.6077495240654041,-8.63078210691606,7.682576146180786
load,fork,sql_rollback,30,120,0.000198584,0.0003201503,0.000137209,0.00059675,0.0001997085,0.00037972534999999993,0.000121125,0.000568,0.566259114530876,-4.9328091647023955,6.524324648648994
load,fork,sql_update,30,120,0.000445875,0.0009775354499999998,0.000321042,0.004135083,0.000435375,0.0009361124999999999,0.000336167,0.001832458,-2.3549201009251397,-11.143060900481217,9.501006935007904
load,fork,suite_cpu_seconds,30,30,1.117982,1.4597231,1.008744,1.5674000000000001,1.118772,1.4414485,0.977664,1.509785,0.07066303393079565,-3.10305815493368,3.247901217777005
load,fork,suite_product_seconds,30,30,1.1178876684999997,1.4580150469499995,0.9717729159999999,1.7128965020000002,1.122203523,1.4455795968999994,0.9564157549999999,1.5615774199999999,0.3860722880852041,-3.0755281990281604,5.83300253233473
load,fork,total_alloc_delta,30,30,504088432.0,504137282.0,504022192,504156128,504134372.0,504208565.2,504083256,504230744,0.009113480310940503,0.006812630015895493,0.017216315936463555
parallel,fork,child_close,30,120,0.0115492495,0.017600470849999997,0.008967667,0.019441917,0.011449875,0.0166429441,0.009066416,0.017998667,-0.8604411914384658,-6.372637671620984,7.822254515188842
parallel,fork,count_use,30,120,0.070295854,0.0954241569,0.054156083,0.12447725,0.072587229,0.09589647529999998,0.055122417,0.116794958,3.259616136109522,0.4033519312758749,9.81304367376108
parallel,fork,fork_ready,30,120,0.118304104,0.15937155415,0.080468417,0.1887645,0.11017460400000001,0.1523878152,0.077208125,0.199478125,-6.871697367320396,-13.202674533234699,8.368477287880417
parallel,fork,heap_alloc_bytes,30,30,57527580.0,58459810.4,55875120,158809848,57743580.0,58411806.0,56163928,158538728,0.3754720779146181,-0.1707198913760033,0.8777460985954777
parallel,fork,heap_sys_bytes,30,30,572948480.0,585549414.4,560332800,586317824,573014016.0,587900518.4,548634624,598179840,0.011438375750638663,-0.7299081856460687,1.0161096359978528
parallel,fork,mallocs_delta,30,30,144357.0,153169.0,121073,156910,144017.5,152143.19999999998,123951,155138,-0.23518083639865184,-2.2680489851430172,3.2453705330475424
parallel,fork,mutation,30,120,0.1240606255,0.1651567705,0.103223916,0.179758333,0.120334916,0.15243031039999996,0.101786709,0.239870333,-3.0031361562013026,-4.990086684151896,0.80365468297392
parallel,fork,num_gc_delta,30,30,6.0,6.0,5,6,5.0,6.0,5,6,-16.666666666666664,-8.541666666666654,0.0
parallel,fork,pause_ns_delta,30,30,977875.0,5566430.149999997,349292,6266874,1054062.0,6717215.899999995,365084,11264165,7.791077591716733,-31.16841162922083,50.26051186929882
parallel,fork,point_use,30,120,0.011663188,0.026279171449999996,0.002155042,0.068589625,0.0104837295,0.022575862199999998,0.002932209,0.045296125,-10.112659591871441,-25.40849050865394,17.16831242947856
parallel,fork,prepare_setup,30,30,0.7122597079999999,0.92297042295,0.600230208,0.984842583,0.695470771,0.8079321609,0.635705416,0.8731475,-2.3571369840844514,-3.866548665603781,2.44286819720827
parallel,fork,prepare_start,30,30,0.058056104,0.07158632964999999,0.05163575,0.082162833,0.058855417,0.07280817689999997,0.05139225,0.08651875,1.3767940749175978,-3.1662958553846545,2.491136360529733
parallel,fork,process_peak_rss_bytes,30,30,983752704.0,995289497.6,865419264,1001701376,984997888.0,1001927475.1999999,878297088,1006632960,0.1265748998642735,-0.6773261436913092,0.9516375408818112
parallel,fork,snapshot,30,30,0.489318021,0.5962753957999999,0.42070575,0.735115917,0.479339625,0.54291930435,0.421582333,0.581611,-2.0392455564190226,-5.451198152109865,2.1825447229052775
parallel,fork,snapshot_close,30,30,0.005186125,0.009024451899999989,0.00345025,0.013127041,0.004392542,0.0058375753,0.003566417,0.005861458,-15.302041504977215,-19.06327128064878,1.6301056841132255
parallel,fork,sql_commit,30,120,0.00030233349999999996,0.0008547267499999999,0.000161291,0.001983542,0.0002919795,0.00044973124999999985,0.000170917,0.001478292,-3.4246949147216488,-17.161817370184284,3.7594476416853873
parallel,fork,sql_insert,30,120,0.000870875,0.0017774247,0.000554541,0.00545225,0.0008454375,0.00187140595,0.000537125,0.003153625,-2.920912874982051,-23.010549616506477,17.460815338713587
parallel,fork,sql_rollback,30,120,0.0003335835,0.0006477773999999995,0.000180041,0.001810708,0.00030810449999999997,0.0007964875,0.000186958,0.01291725,-7.637967705237225,-23.24655631290295,2.9664886948038927
parallel,fork,sql_update,30,120,0.000756875,0.0021695646,0.00037375,0.005340417,0.0007058755000000001,0.0016741225999999999,0.000418875,0.003195417,-6.738166804293955,-29.854523025814466,3.436880434287415
parallel,fork,suite_cpu_seconds,30,30,2.8139054999999997,3.1349866999999993,2.468852,3.55909,2.8254029999999997,3.05158485,2.6148,3.099736,0.4085958110533472,-2.617991841202155,1.3300027507044065
parallel,fork,suite_product_seconds,30,30,1.6232698115,1.9581413805499994,1.402263748,2.2635119990000003,1.5957993125,1.84451528575,1.448830375,1.9060127079999998,-1.692294084777901,-5.631490859216909,1.6386170770277486
parallel,fork,total_alloc_delta,30,30,701280476.0,701892095.6,699623136,702164112,701409236.0,701991550.8,699975248,702186112,0.01836069937872775,-0.011392322765074736,0.057464684327801496
parallel,fresh,child_close,30,120,0.0097819585,0.013738204149999997,0.00822475,0.02847,0.009431687000000001,0.01326412565,0.008175416,0.028292875,-3.5807911064026587,-6.8229162981812035,5.280130955803908
parallel,fresh,count_use,30,120,0.07637312499999999,0.11324280589999998,0.032346,0.14478025,0.0727497705,0.09431564375000001,0.033125625,0.13686975,-4.744279483129676,-18.776595552231562,14.308563770410343
parallel,fresh,fresh_ready,30,120,0.087295625,1.1133282565999998,0.07124925,1.288182833,0.0865032705,1.0995105024,0.071313459,1.121343,-0.9076680532386305,-2.9776896270750477,7.087678344548354
parallel,fresh,fresh_setup,30,120,1.1746145000000001,1.6839192166499999,0.663341167,2.235426459,1.0535268125,1.5174061410000002,0.6934285,1.5910120829999999,-10.308717242976329,-12.992674540310063,9.008256228537604
parallel,fresh,heap_alloc_bytes,30,30,828593344.0,1177521352.0,365862816,1197784232,852880616.0,929451712.8,251743384,1141733944,2.9311449549852986,-7.709302825970054,11.075274614630526
parallel,fresh,heap_sys_bytes,30,30,1080655872.0,1187132211.1999998,753926144,1210974208,1087062016.0,1150317363.2,942505984,1165033472,0.5928014797295322,-3.971157997462721,1.9526971400444681
parallel,fresh,mallocs_delta,30,30,288702.5,301041.05,239975,303280,290893.0,298260.65,257775,303305,0.7587395329101687,-1.8888637910695338,2.5107766665370623
parallel,fresh,mutation,30,120,0.15203875,0.3540511958,0.0706285,0.663619292,0.1528348335,0.18808753575,0.071167667,0.219782541,0.5236056597413441,-6.283906259034272,7.970418303892468
parallel,fresh,num_gc_delta,30,30,5.0,5.0,4,5,5.0,5.0,4,5,0.0,0.0,0.0
parallel,fresh,pause_ns_delta,30,30,2085895.0,3856585.65,570873,7607081,2425145.0,4416194.449999997,795833,5765166,16.264001783407124,-27.6327346393751,44.95477813119398
parallel,fresh,point_use,30,120,0.00211625,0.004890833349999999,0.001196875,0.011499208,0.001966354,0.00740450065,0.001093458,0.015482292,-7.083095097460134,-16.315783279596662,14.189381291296366
parallel,fresh,process_peak_rss_bytes,30,30,855670784.0,953655296.0,654721024,989167616,859979776.0,921095372.8,774635520,934723584,0.5035805920422742,-3.556853495076562,2.4626029809759142
parallel,fresh,sql_commit,30,120,0.00027833350000000003,0.0007815127999999993,0.000152292,0.004209583,0.000270312,0.0006291330499999999,0.000105958,0.002294334,-2.881974322171077,-14.078009521228497,-1.2500309087162598
parallel,fresh,sql_insert,30,120,0.0010023125,0.0022230857499999997,0.000511083,0.00610825,0.0009845000000000001,0.00236482885,0.000519334,0.004035958,-1.7771403629107452,-10.841294027532443,15.776917216401397
parallel,fresh,sql_rollback,30,120,0.000343875,0.0011939267499999997,0.000126917,0.060512792,0.000332354,0.0006267020499999992,0.000149334,0.001667833,-3.3503453289712826,-11.873974830279266,3.4707593338189957
parallel,fresh,sql_update,30,120,0.0008647710000000001,0.00198595,0.000395709,0.012847291,0.0007484379999999999,0.0019722023999999994,0.000390458,0.005538166,-13.452463137639924,-16.98301518235142,5.282913959427981
parallel,fresh,suite_cpu_seconds,30,30,6.2359755,7.811513799999999,4.440946,8.35203,6.0373935,7.6384931499999995,4.4824,7.709789,-3.1844576682509396,-8.510975652241786,2.6447170547892362
parallel,fresh,suite_product_seconds,30,30,2.3170263125,3.1057993787999987,1.354652208,3.416611,2.2589434375,2.5534658788,1.7346088750000002,2.753576792,-2.506785300048242,-2.843679916182901,1.8705184446162537
parallel,fresh,total_alloc_delta,30,30,1241698624.0,1242582468.8,1238245280,1242721144,1242041436.0,1242548841.2,1239681864,1242885104,0.027608309566740097,-0.018648811290261635,0.054794194000518104
