invariant,tests,harness,ci_owner,evidence,when_needed,finding
source object is a commit / annotated tag name matches,tests/test_git_identity.py; benchmarks/ownedprepared/test_tools.py,git_identity.py; validate_product_candidate.py,Product Freeze; Release resolve,baseline-identity.json / exact source SHA,before any build/comparison,covered
runtime inputs unchanged since accepted both-platform source,tests/test_runtime_validation.py,runtime_validation.py,Development scope; Release resolve/candidate/guard,runtime-validation.json; authenticated inventory,"reuse only, not normal code verification",covered; expiry risk
OwnedPrepared corruption/inventory/guest/format rejection,internal/snapshot/owned_test.go; tests/test_owned_snapshot.py,verify.py integration,Product correctness,correctness.json + detailed test logs,owned acquisition/storage/SDK changes,covered
verify exact resource then map exact FDs,internal/snapshot/owned_test.go; base/owned_prepared_test.go; tests/test_owned_snapshot.py,verify.py check/integration,Development; Product correctness,unit/race logs + owned isolation receipt,FD inheritance/mapping/ownership changes,intentionally layered
siblings independent / repeatable / order independent / real commit,tests/gointegration/owned_prepared_test.go; tests/test_owned_snapshot.py,verify.py integration,Development integration; Product correctness,correctness.json / test logs,SQL/Fork/storage/ownership changes,covered
SQL/InnoDB growth/truncate/rename/unlink semantics,base/owned_prepared_test.go; base/prepared_growth_test.go; base/relative_contract_test.go; owned real SQL tests,verify.py check / integration -race,Development; Product correctness,unit/race + SQL result logs,filesystem/buffer/FD changes,intentionally layered
Fork/Close admission and child lifetime,mariamem_test.go; tests/gointegration/owned_prepared_test.go; tests/test_owned_snapshot.py,verify.py check/integration,Development; Product correctness,lifetime tests incl parallel use,API locks/SDK handoff/Close changes,intentionally layered
worker join / traps / partial startup release,internal/generatedgo/runtime_instance_test.go; memory_*_test.go; base/memory_mapping_test.go; tests/generatedmemory,verify.py check/integration,Development; Product correctness,controlled trap and race test logs,memory/thread/control lifecycle changes,covered; not full guest race-free
FD pipes released when closed handles retained,tests/godefault/fd_lifetime_test.go; tests/test_owned_snapshot.py,verify.py integration; generated_release_acceptance.py,Development; Product; Release verification/public_smoke,runtime + exact module logs,ownership/Close changes; installed consumer before release,layered + repeated post-publication
ordinary MySQL auth/multiclient/session capacity,tests/gointegration/multiclient_test.go; tests/test_python_multiclient.py; godefault,verify.py integration,Development; Product; subset Release,runtime tests + exact module acceptance,wire/SDK/guest/session changes,covered subset
typed wire metadata / auth failure injection / protocol edge cases,tests/integration.py; tests/support/wire_acceptance.py,standalone integration.py; retired v03_acceptance only,NONE current canonical owner,manual old integration.json,wire/guest/metadata changes,GAP: promote unique checks before deleting
normal Close idempotent vs forced cancellation containment,tests/test_python_timeout.py normal; tests/diagnostics/active_query_close.py,integration normal Close; manual diagnostic only,normal: Development/Product; forced: NONE,normal test + manual diagnostic,Close change; known unsupported force guarantee,intentional non-gate; document distinction
"pytest each test owns its child, xdist teardown after expected failure",tests/consumer/test_database.py + dynamically copied migration/failure fixture cases,tests/verify_alpha.py,Product installed-pytest; Release verification/public_smoke,alpha.json / JUnit counts / reaped handles,pytest/SDK change; each final wheel,layered + repeatable duplicate consumer passes
final wheel exact installed bytes/platform/host-only packaging,tests/test_generated_default.py; test_generated_platform.py; test_distribution_licenses.py,build_alpha.py; verify_alpha.py; generated_release.verify_wheel,candidate / verification / public_smoke,alpha-wheel.json + wheel hash + platform identity,packaging/host/version change and release,distinct artifact boundary
SQLAlchemy real application commits/rollback/errors/pooling,tests/consumer/test_sqlalchemy_dogfood.py (11 x4),generated_release_acceptance.py; run_sqlalchemy.py adapter,Release verification + public_smoke,generated-acceptance.json: SQLAlchemy44,SDK/wire/SQL changes as needed; final wheel,duplicate harness; post-publication breadth candidate
GORM app CRUD/schema/transactions on normal module,tests/consumer/gorm/dogfood_test.go (8 x4),generated_release_acceptance.py; run_gorm.py adapter,Release verification + public_smoke,generated-acceptance.json: GORM32,API/wire/SQL changes as needed; final module,duplicate harness; public route must remain verified
generated recipe carries every handwritten file,tests/test_generated_runtime_inventory.py installer fixture,generate_runtime.py; verify_generated_runtime.py,Development focused; guest reproduction,translation inventory + regeneration.json,generator/base glue/pins changes,regression now owned; real reproduction separate
guest from pinned source and exact translated bytes reproducible,tests/test_guest_repro_tools.py; build/regeneration comparisons,build_generated_guest.py; regenerate_release_guest.py,Release guest Linux arm64,guest.json + regeneration.json,guest/toolchain/input changes; source release,repeated clean builds intentional independent proof
corresponding source / license / upstream notice closure,test_distribution_licenses.py; test_packaging_license_mirrors.py; source fixtures,generated_release.py; distribution_licenses.py; audit_generated_licenses.py,guest / guard / aggregate,generated-source.json + provenance / exact source hashes,packaging/license/guest changes and release,not replaced by runtime PASS
exact final artifact guard and public source/tag identity,test_generated_release.py; test_release_plan.py; test_ci_release_publish.py,generated_release; release_generated_ci; ci_release_publish,Release aggregate/publication/public_smoke,ci-ready.json / qualification / publication / public module Origin,release only,layered trust boundary; no blanket removal
prepare/capture/import/Fork latency separated from COUNT,benchmarks/ownedprepared main/import; test_tools.py,run_compare.py via identity-checked parent,Product performance / manual,raw JSON + reduced CSV + binary/harness hashes,performance-changing hypothesis after correctness,no auto performance gate needed
retained FD scaling and physical reclaim,ownedprepared fdscale; memorylifetime; goisolation resources tests,process_cost.c; ownedprepared; memorylifetime,Product performance / manual,FD count/limit and physical/PSS/RSS checkpoints,new resource model/workload evidence,distinct from simple Close leak test
safe disposable cleanup without losing unique history,test_experiment_workspace.py; test_development_cleanup.py; test_release_tools.py,experiment_workspace.py; experiment_disk.py,Development check/focused policy,cleanup JSON/checksums/reason codes,helper/policy changes and experiment completion,"old cleanup allowlist historical, not second policy"
