path,kind,group,category,recommendation,guest_required,canonical_owner,cost,unique_responsibility
benchmarks/_common.py,harness/helper,lifecycle-measurement,REUSABLE EXPERIMENT TOOL,KEEP,"yes for workload, no reducer/resource parser",verify.py bench or shared measurement helpers,"sample count dependent, manual only",Small lifecycle helpers for optional benchmarks; no performance thresholds.
benchmarks/compare_baselines.py,harness/helper,lifecycle-measurement,REUSABLE EXPERIMENT TOOL,KEEP,"yes for workload, no reducer/resource parser",verify.py bench or shared measurement helpers,"sample count dependent, manual only",Compare aligned Go/Python measurements; reject mismatched experimental inputs.
benchmarks/competitive/main.go,harness/helper,lifecycle-measurement,REUSABLE EXPERIMENT TOOL,KEEP,"yes for workload, no reducer/resource parser",verify.py bench or shared measurement helpers,"sample count dependent, manual only",Informational practical workflow comparison; no performance thresholds.
benchmarks/competitive/suite.go,harness/helper,lifecycle-measurement,REUSABLE EXPERIMENT TOOL,KEEP,"yes for workload, no reducer/resource parser",verify.py bench or shared measurement helpers,"sample count dependent, manual only",Repeated-suite comparison only; no production configuration changes.
benchmarks/competitive/suite_test.go,test,source-tool-pure,CANONICAL,RELEVANT-CHANGES-ONLY,no,focused boundary tests / verify.py check,seconds; cold compiler/setup unknown,Suite cleanup/transaction workload boundaries; no real campaign executed by fixture tests
benchmarks/default_runtime_sanity.py,harness/helper,lifecycle-measurement,REUSABLE EXPERIMENT TOOL,KEEP,"yes for workload, no reducer/resource parser",verify.py bench or shared measurement helpers,"sample count dependent, manual only","Small installed-wheel default Start/Fork/resource check, not release benchmarks."
benchmarks/defaultsanity/main.go,harness/helper,lifecycle-measurement,REUSABLE EXPERIMENT TOOL,KEEP,"yes for workload, no reducer/resource parser",verify.py bench or shared measurement helpers,"sample count dependent, manual only",Informational default-runtime probe. No performance thresholds or tuning.
benchmarks/final_latency.py,harness/helper,historical-measurement,HISTORICAL,MERGE,old runtime for original measurements,historical tag/report; replacements in unique_responsibility,not remeasured,Legacy mandatory native CLI; distribution() is LIVE in v04_candidate; extract shared statistics before retiring CLI
benchmarks/go_isolation.py,harness/helper,lifecycle-measurement,REUSABLE EXPERIMENT TOOL,KEEP,"yes for workload, no reducer/resource parser",verify.py bench or shared measurement helpers,"sample count dependent, manual only",Generated-Go lifecycle measurements; shared Python code summarizes.
benchmarks/goisolation/cost.go,harness/helper,lifecycle-measurement,REUSABLE EXPERIMENT TOOL,KEEP,"yes for workload, no reducer/resource parser",verify.py bench or shared measurement helpers,"sample count dependent, manual only",shared measurement source benchmarks/goisolation/cost.go
benchmarks/goisolation/cost_test.go,test,source-tool-pure,CANONICAL,RELEVANT-CHANGES-ONLY,no,focused boundary tests / verify.py check,seconds; cold compiler/setup unknown,CPU/RSS parser and parent/descendant accounting; not SQL acceptance
benchmarks/goisolation/diagnostics.go,harness/helper,lifecycle-measurement,REUSABLE EXPERIMENT TOOL,KEEP,"yes for workload, no reducer/resource parser",verify.py bench or shared measurement helpers,"sample count dependent, manual only",shared measurement source benchmarks/goisolation/diagnostics.go
benchmarks/goisolation/main.go,harness/helper,lifecycle-measurement,REUSABLE EXPERIMENT TOOL,KEEP,"yes for workload, no reducer/resource parser",verify.py bench or shared measurement helpers,"sample count dependent, manual only","Informational public-API baseline, not go test benchmarks or performance gates."
benchmarks/goisolation/resource_probe.go,harness/helper,lifecycle-measurement,REUSABLE EXPERIMENT TOOL,KEEP,"yes for workload, no reducer/resource parser",verify.py bench or shared measurement helpers,"sample count dependent, manual only",shared measurement source benchmarks/goisolation/resource_probe.go
benchmarks/goisolation/resources.go,harness/helper,lifecycle-measurement,REUSABLE EXPERIMENT TOOL,KEEP,"yes for workload, no reducer/resource parser",verify.py bench or shared measurement helpers,"sample count dependent, manual only",shared measurement source benchmarks/goisolation/resources.go
benchmarks/goisolation/resources_test.go,test,source-tool-pure,CANONICAL,RELEVANT-CHANGES-ONLY,no,focused boundary tests / verify.py check,seconds; cold compiler/setup unknown,Process counter scope/reclaim observations distinct from virtual mapping extent
benchmarks/goisolation/verification_probe.go,harness/helper,targeted-diagnostic,HISTORICAL,HISTORICAL,yes for diagnostic executable,historical tag/report; replacements in unique_responsibility,single trials + profiling; not measured,"Old per-Fork hash parallelism diagnostic; current acquisition still hashes, but old speedup interpretation is not v044 behavior"
benchmarks/goisolation/verification_probe_test.go,test,source-tool-pure,HISTORICAL,RELEVANT-CHANGES-ONLY,no,historical tag/report; replacements in unique_responsibility,seconds; cold compiler/setup unknown,"Tests diagnostic ordered errors/integrity, not new production contract; keep only with that retained diagnostic"
benchmarks/init_report.py,harness/helper,lifecycle-measurement,REUSABLE EXPERIMENT TOOL,KEEP,"yes for workload, no reducer/resource parser",verify.py bench or shared measurement helpers,"sample count dependent, manual only",Summarize measured initialization intervals; never infer CPU from wall time.
benchmarks/isolation_baseline.py,harness/helper,lifecycle-measurement,REUSABLE EXPERIMENT TOOL,KEEP,"yes for workload, no reducer/resource parser",verify.py bench or shared measurement helpers,"sample count dependent, manual only","0.2 baseline: real packaged MariaDB isolation, cost and SQL regression indicators."
benchmarks/memory_envelope.py,harness/helper,historical-measurement,HISTORICAL,MERGE,old runtime for original measurements,historical tag/report; replacements in unique_responsibility,not remeasured,Legacy native runner; summarize() is LIVE in v04_candidate; preserve resource reductions independently
benchmarks/memory_scaling.py,harness/helper,lifecycle-measurement,REUSABLE EXPERIMENT TOOL,KEEP,"yes for workload, no reducer/resource parser",verify.py bench or shared measurement helpers,"sample count dependent, manual only",Sample startup/steady memory of independent seeded DBs; metrics differ by backend.
benchmarks/memorylifetime/main.go,harness/helper,targeted-diagnostic,REUSABLE EXPERIMENT TOOL,KEEP,yes for diagnostic executable,manual bounded diagnostic; use narrow parts not full campaign,single trials + profiling; not measured,Retained-handle/Close physical-memory reclaim checkpoints; no forced GC in timing windows
benchmarks/memorylifetime/summarize.py,harness/helper,targeted-diagnostic,REUSABLE EXPERIMENT TOOL,RELEVANT-CHANGES-ONLY,yes for diagnostic executable,manual bounded diagnostic; use narrow parts not full campaign,single trials + profiling; not measured,"hash experiment, heap/alloc, retained memory"
benchmarks/ownedprepared/import_measure.py,harness/helper,prepared-measurement,REUSABLE EXPERIMENT TOOL,KEEP,yes for main/import; no summarize,"Product performance after correctness, manual future bench adapter","campaign ~42–48min both complete Product jobs, not single harness estimate",deterministic 0/10/100MiB capture/import/Fork/suite/FD
benchmarks/ownedprepared/main.go,harness/helper,prepared-measurement,REUSABLE EXPERIMENT TOOL,KEEP,yes for main/import; no summarize,"Product performance after correctness, manual future bench adapter","campaign ~42–48min both complete Product jobs, not single harness estimate",deterministic 0/10/100MiB capture/import/Fork/suite/FD
benchmarks/ownedprepared/run_compare.py,harness/helper,prepared-measurement,REUSABLE EXPERIMENT TOOL,SIMPLIFY,yes for main/import; no summarize,"Product performance after correctness, manual future bench adapter","campaign ~42–48min both complete Product jobs, not single harness estimate","Reuse serial payload/FD/workload orchestration; direct invocation only checks a JSON PASS flag/SHA and supplied binaries, parent runner owns actual source validation"
benchmarks/ownedprepared/summarize.py,harness/helper,prepared-measurement,REUSABLE EXPERIMENT TOOL,KEEP,yes for main/import; no summarize,"Product performance after correctness, manual future bench adapter","campaign ~42–48min both complete Product jobs, not single harness estimate",deterministic 0/10/100MiB capture/import/Fork/suite/FD
benchmarks/ownedprepared/test_tools.py,test,measurement-tool-pure,CANONICAL,KEEP,no,Product correctness + focused release helper,"6 synthetic unit tests, seconds",baseline tag-object identity and correctness-before-performance gates
benchmarks/parallel_databases.py,harness/helper,lifecycle-measurement,REUSABLE EXPERIMENT TOOL,KEEP,"yes for workload, no reducer/resource parser",verify.py bench or shared measurement helpers,"sample count dependent, manual only",Wall time until all independently seeded databases are queryable.
benchmarks/practical_suites.py,harness/helper,historical-measurement,HISTORICAL,HISTORICAL,old runtime for original measurements,historical tag/report; replacements in unique_responsibility,not remeasured,"Native-path suite experiment; retain workload/accounting evidence, do not use for current product without adapter"
benchmarks/ready_to_query.py,harness/helper,lifecycle-measurement,REUSABLE EXPERIMENT TOOL,KEEP,"yes for workload, no reducer/resource parser",verify.py bench or shared measurement helpers,"sample count dependent, manual only",Fresh DB start through the first successful SELECT 1.
benchmarks/seeded_database.py,harness/helper,lifecycle-measurement,REUSABLE EXPERIMENT TOOL,KEEP,"yes for workload, no reducer/resource parser",verify.py bench or shared measurement helpers,"sample count dependent, manual only",One MariaDB template plus independent forks versus freshly seeded containers.
benchmarks/snapshotallocation/main.go,harness/helper,targeted-diagnostic,REUSABLE EXPERIMENT TOOL,SIMPLIFY,yes for diagnostic executable,manual bounded diagnostic; use narrow parts not full campaign,single trials + profiling; not measured,Reuse post-boundary MemStats/heap profile collection; fixed 1000row persisted-output and hash/isolation checks are not core latency sweep
benchmarks/spikes/cow/characterize.py,harness/helper,historical,HISTORICAL,HISTORICAL,historical guest for runtime experiments,"pinned historical source, no current CI owner",not remeasured; old builds may be expensive,historical report/reduction
benchmarks/spikes/cow/inspect_mapping.py,harness/helper,historical,HISTORICAL,HISTORICAL,historical guest for runtime experiments,"pinned historical source, no current CI owner",not remeasured; old builds may be expensive,historical report/reduction
benchmarks/spikes/cow/proof.py,harness/helper,historical,HISTORICAL,HISTORICAL,historical guest for runtime experiments,"pinned historical source, no current CI owner",not remeasured; old builds may be expensive,historical report/reduction
benchmarks/spikes/cow/setup_initial_image.py,harness/helper,historical,HISTORICAL,HISTORICAL,historical guest for runtime experiments,"pinned historical source, no current CI owner",not remeasured; old builds may be expensive,historical report/reduction
benchmarks/spikes/cow/setup_profile.py,harness/helper,historical,HISTORICAL,HISTORICAL,historical guest for runtime experiments,"pinned historical source, no current CI owner",not remeasured; old builds may be expensive,historical report/reduction
benchmarks/spikes/cow/summarize.py,harness/helper,historical,HISTORICAL,HISTORICAL,historical guest for runtime experiments,"pinned historical source, no current CI owner",not remeasured; old builds may be expensive,historical report/reduction
benchmarks/spikes/direct-link/prepare.py,harness/helper,historical,HISTORICAL,HISTORICAL,historical guest for runtime experiments,"pinned historical source, no current CI owner",not remeasured; old builds may be expensive,historical report/reduction
benchmarks/spikes/direct-link/prepare_race_patterns.py,harness/helper,historical,HISTORICAL,HISTORICAL,historical guest for runtime experiments,"pinned historical source, no current CI owner",not remeasured; old builds may be expensive,historical report/reduction
benchmarks/spikes/direct-link/race_census.py,harness/helper,historical,HISTORICAL,HISTORICAL,historical guest for runtime experiments,"pinned historical source, no current CI owner",not remeasured; old builds may be expensive,historical report/reduction
benchmarks/spikes/direct-link/run.py,harness/helper,historical,HISTORICAL,HISTORICAL,historical guest for runtime experiments,"pinned historical source, no current CI owner",not remeasured; old builds may be expensive,historical report/reduction
benchmarks/spikes/direct-link/shared_executable.py,harness/helper,historical,HISTORICAL,HISTORICAL,historical guest for runtime experiments,"pinned historical source, no current CI owner",not remeasured; old builds may be expensive,historical report/reduction
benchmarks/spikes/distribution/baseline.py,harness/helper,historical,HISTORICAL,HISTORICAL,historical guest for runtime experiments,"pinned historical source, no current CI owner",not remeasured; old builds may be expensive,historical report/reduction
benchmarks/spikes/distribution/build.py,harness/helper,historical,HISTORICAL,HISTORICAL,historical guest for runtime experiments,"pinned historical source, no current CI owner",not remeasured; old builds may be expensive,historical report/reduction
benchmarks/spikes/distribution/prepare.py,harness/helper,historical,HISTORICAL,HISTORICAL,historical guest for runtime experiments,"pinned historical source, no current CI owner",not remeasured; old builds may be expensive,historical report/reduction
benchmarks/spikes/distribution/prepare_pgmem.py,harness/helper,historical,HISTORICAL,HISTORICAL,historical guest for runtime experiments,"pinned historical source, no current CI owner",not remeasured; old builds may be expensive,historical report/reduction
benchmarks/spikes/generated-go-integration/compare_guest_builds.py,harness/helper,historical,HISTORICAL,HISTORICAL,historical guest for runtime experiments,"pinned historical source, no current CI owner",not remeasured; old builds may be expensive,historical report/reduction
benchmarks/spikes/generated-go-integration/patch_memfs.py,harness/helper,historical,HISTORICAL,HISTORICAL,historical guest for runtime experiments,"pinned historical source, no current CI owner",not remeasured; old builds may be expensive,historical report/reduction
benchmarks/spikes/generated-go-integration/prepare_llvm23.py,harness/helper,historical,HISTORICAL,HISTORICAL,historical guest for runtime experiments,"pinned historical source, no current CI owner",not remeasured; old builds may be expensive,historical report/reduction
benchmarks/spikes/generated-go-integration/probe_guest_compiler.py,harness/helper,historical,HISTORICAL,HISTORICAL,historical guest for runtime experiments,"pinned historical source, no current CI owner",not remeasured; old builds may be expensive,historical report/reduction
benchmarks/spikes/generated-go-integration/readiness_replay.py,harness/helper,historical,HISTORICAL,HISTORICAL,historical guest for runtime experiments,"pinned historical source, no current CI owner",not remeasured; old builds may be expensive,historical report/reduction
benchmarks/spikes/generated-go-integration/repeat_guest_builds.py,harness/helper,historical,HISTORICAL,HISTORICAL,historical guest for runtime experiments,"pinned historical source, no current CI owner",not remeasured; old builds may be expensive,historical report/reduction
benchmarks/spikes/generated-go-integration/setup_audit.py,harness/helper,historical,HISTORICAL,HISTORICAL,historical guest for runtime experiments,"pinned historical source, no current CI owner",not remeasured; old builds may be expensive,historical report/reduction
benchmarks/spikes/generated-go-integration/setup_candidate.py,harness/helper,historical,HISTORICAL,HISTORICAL,historical guest for runtime experiments,"pinned historical source, no current CI owner",not remeasured; old builds may be expensive,historical report/reduction
benchmarks/spikes/generated-go-integration/translate_guest.py,harness/helper,historical,HISTORICAL,HISTORICAL,historical guest for runtime experiments,"pinned historical source, no current CI owner",not remeasured; old builds may be expensive,historical report/reduction
benchmarks/spikes/memory-candidate/check_fixture.py,harness/helper,historical,HISTORICAL,HISTORICAL,historical guest for runtime experiments,"pinned historical source, no current CI owner",not remeasured; old builds may be expensive,historical report/reduction
benchmarks/spikes/memory-candidate/fixtures.py,harness/helper,historical,HISTORICAL,HISTORICAL,historical guest for runtime experiments,"pinned historical source, no current CI owner",not remeasured; old builds may be expensive,historical report/reduction
benchmarks/spikes/prepared-clone/capture.py,harness/helper,historical,HISTORICAL,HISTORICAL,historical guest for runtime experiments,"pinned historical source, no current CI owner",not remeasured; old builds may be expensive,historical report/reduction
benchmarks/spikes/prepared-clone/measure.py,harness/helper,historical,HISTORICAL,HISTORICAL,historical guest for runtime experiments,"pinned historical source, no current CI owner",not remeasured; old builds may be expensive,historical report/reduction
benchmarks/spikes/prepared-clone/setup.py,harness/helper,historical,HISTORICAL,HISTORICAL,historical guest for runtime experiments,"pinned historical source, no current CI owner",not remeasured; old builds may be expensive,historical report/reduction
benchmarks/spikes/prepared-clone/summarize.py,harness/helper,historical,HISTORICAL,HISTORICAL,historical guest for runtime experiments,"pinned historical source, no current CI owner",not remeasured; old builds may be expensive,historical report/reduction
benchmarks/spikes/reentry/observe.py,harness/helper,historical,HISTORICAL,HISTORICAL,historical guest for runtime experiments,"pinned historical source, no current CI owner",not remeasured; old builds may be expensive,historical report/reduction
benchmarks/spikes/reentry/setup.py,harness/helper,historical,HISTORICAL,HISTORICAL,historical guest for runtime experiments,"pinned historical source, no current CI owner",not remeasured; old builds may be expensive,historical report/reduction
benchmarks/spikes/wasm2go/attempt.py,harness/helper,historical,HISTORICAL,HISTORICAL,historical guest for runtime experiments,"pinned historical source, no current CI owner",not remeasured; old builds may be expensive,historical report/reduction
benchmarks/spikes/wasm2go/characterize_boundary.py,harness/helper,historical,HISTORICAL,HISTORICAL,historical guest for runtime experiments,"pinned historical source, no current CI owner",not remeasured; old builds may be expensive,historical report/reduction
benchmarks/spikes/wasm2go/check_pthread_order.py,harness/helper,historical,HISTORICAL,HISTORICAL,historical guest for runtime experiments,"pinned historical source, no current CI owner",not remeasured; old builds may be expensive,historical report/reduction
benchmarks/spikes/wasm2go/diagnose_wait.py,harness/helper,historical,HISTORICAL,HISTORICAL,historical guest for runtime experiments,"pinned historical source, no current CI owner",not remeasured; old builds may be expensive,historical report/reduction
benchmarks/spikes/wasm2go/inspect_guest.py,harness/helper,historical,HISTORICAL,HISTORICAL,historical guest for runtime experiments,"pinned historical source, no current CI owner",not remeasured; old builds may be expensive,historical report/reduction
benchmarks/spikes/wasm2go/legacy_eh_inspection.py,harness/helper,historical,HISTORICAL,HISTORICAL,historical guest for runtime experiments,"pinned historical source, no current CI owner",not remeasured; old builds may be expensive,historical report/reduction
benchmarks/spikes/wasm2go/legacy_eh_toolchain.sh,harness/helper,historical,HISTORICAL,HISTORICAL,historical guest for runtime experiments,"pinned historical source, no current CI owner",not remeasured; old builds may be expensive,historical report/reduction
benchmarks/spikes/wasm2go/measure_execution.py,harness/helper,historical,HISTORICAL,HISTORICAL,historical guest for runtime experiments,"pinned historical source, no current CI owner",not remeasured; old builds may be expensive,historical report/reduction
benchmarks/spikes/wasm2go/measure_wire.py,harness/helper,historical,HISTORICAL,HISTORICAL,historical guest for runtime experiments,"pinned historical source, no current CI owner",not remeasured; old builds may be expensive,historical report/reduction
benchmarks/spikes/wasm2go/pthread-signal-order.c,harness/helper,historical,HISTORICAL,HISTORICAL,historical guest for runtime experiments,"pinned historical source, no current CI owner",not remeasured; old builds may be expensive,historical report/reduction
benchmarks/spikes/wasm2go/reductions.py,harness/helper,historical,HISTORICAL,HISTORICAL,historical guest for runtime experiments,"pinned historical source, no current CI owner",not remeasured; old builds may be expensive,historical report/reduction
benchmarks/spikes/wasm2go/run_execution.py,harness/helper,historical,HISTORICAL,HISTORICAL,historical guest for runtime experiments,"pinned historical source, no current CI owner",not remeasured; old builds may be expensive,historical report/reduction
benchmarks/spikes/wasm2go/setup_execution.py,harness/helper,historical,HISTORICAL,HISTORICAL,historical guest for runtime experiments,"pinned historical source, no current CI owner",not remeasured; old builds may be expensive,historical report/reduction
benchmarks/spikes/wasm2go/setup_wire.py,harness/helper,historical,HISTORICAL,HISTORICAL,historical guest for runtime experiments,"pinned historical source, no current CI owner",not remeasured; old builds may be expensive,historical report/reduction
benchmarks/spikes/wasm2go/sql_execution.py,harness/helper,historical,HISTORICAL,HISTORICAL,historical guest for runtime experiments,"pinned historical source, no current CI owner",not remeasured; old builds may be expensive,historical report/reduction
benchmarks/spikes/wasm2go/trace_trials.py,harness/helper,historical,HISTORICAL,HISTORICAL,historical guest for runtime experiments,"pinned historical source, no current CI owner",not remeasured; old builds may be expensive,historical report/reduction
benchmarks/spikes/wasm2go/trace_waits.py,harness/helper,historical,HISTORICAL,HISTORICAL,historical guest for runtime experiments,"pinned historical source, no current CI owner",not remeasured; old builds may be expensive,historical report/reduction
benchmarks/stage_report.py,harness/helper,lifecycle-measurement,REUSABLE EXPERIMENT TOOL,KEEP,"yes for workload, no reducer/resource parser",verify.py bench or shared measurement helpers,"sample count dependent, manual only",Render existing lifecycle JSON as a compact measured waterfall; no new samples.
benchmarks/testcontainers_compare.py,harness/helper,lifecycle-measurement,REUSABLE EXPERIMENT TOOL,KEEP,"yes for workload, no reducer/resource parser",verify.py bench or shared measurement helpers,"sample count dependent, manual only",Run balanced practical isolation comparison. Docker is ONLY the competitor.
benchmarks/tools/process_cost.c,harness/helper,lifecycle-measurement,REUSABLE EXPERIMENT TOOL,KEEP,"yes for workload, no reducer/resource parser",verify.py bench or shared measurement helpers,"sample count dependent, manual only",shared measurement source benchmarks/tools/process_cost.c
benchmarks/v04_baseline.py,harness/helper,historical-measurement,HISTORICAL,HISTORICAL,old runtime for original measurements,historical pinned inputs; use current go-isolation/ownedprepared for new runs,not remeasured,historical report/statistic schema
benchmarks/v04_candidate.py,harness/helper,lifecycle-measurement,REUSABLE EXPERIMENT TOOL,KEEP,"yes for workload, no reducer/resource parser",verify.py bench or shared measurement helpers,"sample count dependent, manual only",Candidate measurement with the unchanged v0.4 public-API fixture/harness.
benchmarks/v04_direct_link_report.py,harness/helper,historical-measurement,HISTORICAL,HISTORICAL,old runtime for original measurements,historical tag/report; replacements in unique_responsibility,not remeasured,"Historical report renderer includes legacy-fallback language; preserve dated output, not current product guidance"
benchmarks/v04_integrated_report.py,harness/helper,historical-measurement,HISTORICAL,HISTORICAL,old runtime for original measurements,historical pinned inputs; use current go-isolation/ownedprepared for new runs,not remeasured,historical report/statistic schema
benchmarks/v04_orm.py,harness/helper,historical-measurement,HISTORICAL,HISTORICAL,old runtime for original measurements,historical pinned inputs; use current go-isolation/ownedprepared for new runs,not remeasured,historical report/statistic schema
benchmarks/v04_report.py,harness/helper,historical-measurement,HISTORICAL,HISTORICAL,old runtime for original measurements,historical pinned inputs; use current go-isolation/ownedprepared for new runs,not remeasured,historical report/statistic schema
benchmarks/verification_report.py,harness/helper,lifecycle-measurement,REUSABLE EXPERIMENT TOOL,KEEP,"yes for workload, no reducer/resource parser",verify.py bench or shared measurement helpers,"sample count dependent, manual only",Summarize isolated diagnostic work; never translate savings into a FAST verdict.
internal/artifacts/platform_test.go,test,source-tool-pure,CANONICAL,KEEP,no,focused boundary tests / verify.py check,seconds; cold compiler/setup unknown,Host platform and artifact identity rejection independent of installed runtime
internal/generatedgo/code/base/host_memory_test.go,test,handwritten-race,CANONICAL,KEEP,no; controlled Module/MemFS,check + integration focused -race,fast execution; compile/race instrumentation extra,"mapping ownership, FD identity, filesystem semantics, futex order"
internal/generatedgo/code/base/memfs_growth_test.go,test,filesystem-fd,CANONICAL,KEEP,no; controlled Module/MemFS,check + integration focused -race,fast execution; compile/race instrumentation extra,"mapping ownership, FD identity, filesystem semantics, futex order"
internal/generatedgo/code/base/memory_mapping_test.go,test,filesystem-fd,CANONICAL,KEEP,no; controlled Module/MemFS,check + integration focused -race,fast execution; compile/race instrumentation extra,"mapping ownership, FD identity, filesystem semantics, futex order"
internal/generatedgo/code/base/owned_prepared_test.go,test,filesystem-fd,CANONICAL,KEEP,no; controlled Module/MemFS,check + integration focused -race,fast execution; compile/race instrumentation extra,"mapping ownership, FD identity, filesystem semantics, futex order"
internal/generatedgo/code/base/prepared_files_test.go,test,filesystem-fd,CANONICAL,KEEP,no; controlled Module/MemFS,check + integration focused -race,fast execution; compile/race instrumentation extra,"mapping ownership, FD identity, filesystem semantics, futex order"
internal/generatedgo/code/base/prepared_growth_test.go,test,filesystem-fd,CANONICAL,KEEP,no; controlled Module/MemFS,check + integration focused -race,fast execution; compile/race instrumentation extra,"mapping ownership, FD identity, filesystem semantics, futex order"
internal/generatedgo/code/base/relative_contract_test.go,test,filesystem-fd,CANONICAL,KEEP,no; controlled Module/MemFS,check + integration focused -race,fast execution; compile/race instrumentation extra,"mapping ownership, FD identity, filesystem semantics, futex order"
internal/generatedgo/code/base/spike_contract_test.go,test,handwritten-race,CANONICAL,KEEP,no; controlled Module/MemFS,check + integration focused -race,fast execution; compile/race instrumentation extra,"mapping ownership, FD identity, filesystem semantics, futex order"
internal/generatedgo/fs_contract_test.go,test,controlled-runtime,CANONICAL,KEEP,"small controlled guest / fake execution, not MariaDB",check + integration focused -race,seconds + compiled translated package,"trap, worker join, mapped memory release"
internal/generatedgo/memory_backing_test.go,test,controlled-runtime,CANONICAL,KEEP,"small controlled guest / fake execution, not MariaDB",check + integration focused -race,seconds + compiled translated package,"trap, worker join, mapped memory release"
internal/generatedgo/memory_controlled_test.go,test,controlled-runtime,CANONICAL,KEEP,"small controlled guest / fake execution, not MariaDB",check + integration focused -race,seconds + compiled translated package,"trap, worker join, mapped memory release"
internal/generatedgo/memory_host_test.go,test,controlled-runtime,CANONICAL,KEEP,"small controlled guest / fake execution, not MariaDB",check + integration focused -race,seconds + compiled translated package,"trap, worker join, mapped memory release"
internal/generatedgo/runtime_instance_test.go,test,controlled-runtime,CANONICAL,KEEP,"small controlled guest / fake execution, not MariaDB",check + integration focused -race,seconds + compiled translated package,"trap, worker join, mapped memory release"
internal/guest/diagnostic_test.go,test,source-tool-pure,CANONICAL,KEEP,no,focused boundary tests / verify.py check,seconds; cold compiler/setup unknown,Startup diagnostics retain command/error context with bounded metadata
internal/guest/timing_test.go,test,source-tool-pure,CANONICAL,KEEP,no,focused boundary tests / verify.py check,seconds; cold compiler/setup unknown,Timing frame attribution preserves header/decode/read boundaries
internal/host/slots_test.go,test,source-tool-pure,CANONICAL,KEEP,no,focused boundary tests / verify.py check,seconds; cold compiler/setup unknown,Session slot reservation/capacity/reuse
internal/host/snapshot_test.go,test,api-lifecycle,CANONICAL,KEEP,no real MariaDB,check; root API fake host/runtime injection,seconds + compile,"source consumption, failure, Fork/Close, destination and errors"
internal/snapshot/module_test.go,test,snapshot-pure,CANONICAL,KEEP,no,check + focused -race,seconds + compilation,"corrupt/import/version rejection, exact FDs, cleanup"
internal/snapshot/owned_test.go,test,snapshot-pure,CANONICAL,KEEP,no,check + focused -race,seconds + compilation,"corrupt/import/version rejection, exact FDs, cleanup"
internal/snapshot/parallel_test.go,test,snapshot-pure,CANONICAL,KEEP,no,check + focused -race,seconds + compilation,"corrupt/import/version rejection, exact FDs, cleanup"
internal/snapshot/verification_timing_test.go,test,snapshot-pure,CANONICAL,KEEP,no,check + focused -race,seconds + compilation,"corrupt/import/version rejection, exact FDs, cleanup"
internal/timing/timing_test.go,test,source-tool-pure,CANONICAL,KEEP,no,focused boundary tests / verify.py check,seconds; cold compiler/setup unknown,Concurrent trace attribution/work counters and optional recorder behavior
mariamem_test.go,test,api-lifecycle,CANONICAL,KEEP,no real MariaDB,check; root API fake host/runtime injection,seconds + compile,"source consumption, failure, Fork/Close, destination and errors"
scripts/audit_generated_licenses.py,harness/helper,release,RELEASE-ONLY,RELEASE-ONLY,"yes for builders/consumers, no for metadata guards",Release CI,job-specific; see CI matrix,exact source/artifact hashes + READY/publication
scripts/benchmark_artifacts.py,harness/helper,historical-aot-reuse,HISTORICAL,HISTORICAL,old runtime for original measurements,historical pinned inputs; use current go-isolation/ownedprepared for new runs,not remeasured,"old WASM/AOT cache seal; guest_inputs pure primitive still tested, not current runtime reuse"
scripts/build_alpha.py,harness/helper,release,RELEASE-ONLY,RELEASE-ONLY,"yes for builders/consumers, no for metadata guards",Release CI,job-specific; see CI matrix,exact source/artifact hashes + READY/publication
scripts/build_generated_guest.py,harness/helper,release,RELEASE-ONLY,RELEASE-ONLY,"yes for builders/consumers, no for metadata guards",Release CI,job-specific; see CI matrix,exact source/artifact hashes + READY/publication
scripts/build_guest.py,harness/helper,retired-native,OBSOLETE,DELETE,legacy only,pinned old tag replaces retired CLI,CLI exits before work,no current gate; retain reports/history
scripts/build_guest_wasm.py,harness/helper,retired-native,OBSOLETE,DELETE,legacy only,pinned old tag replaces retired CLI,CLI exits before work,no current gate; retain reports/history
scripts/check_ci_release.py,harness/helper,retired-native,OBSOLETE,DELETE,legacy only,pinned old tag replaces retired CLI,CLI exits before work,no current gate; retain reports/history
scripts/check_public.py,harness/helper,source-tooling,CANONICAL,KEEP,no,canonical development/release boundary,seconds; cold compiler/setup unknown,Check the explicitly selected public source files (not local build outputs).
scripts/check_release.py,harness/helper,release,RELEASE-ONLY,RELEASE-ONLY,"yes for builders/consumers, no for metadata guards",Release CI,job-specific; see CI matrix,exact source/artifact hashes + READY/publication
scripts/check_version.py,harness/helper,source-tooling,CANONICAL,KEEP,no,canonical development/release boundary,seconds; cold compiler/setup unknown,Cheap release-version consistency check; does not build or inspect old artifacts.
scripts/ci_guest_source.py,harness/helper,retired-native,OBSOLETE,DELETE,legacy only,pinned old tag replaces retired CLI,CLI exits before work,"no current gate; retain reports/history; imported by other retired files: retire dependency island together, not arbitrary single deletion; imported by other retired files: retire dependency island together, not arbitrary single deletion"
scripts/ci_release_platforms.py,harness/helper,retired-native,OBSOLETE,DELETE,legacy only,pinned old tag replaces retired CLI,CLI exits before work,"no current gate; retain reports/history; imported by other retired files: retire dependency island together, not arbitrary single deletion; imported by other retired files: retire dependency island together, not arbitrary single deletion"
scripts/ci_release_public_smoke.py,harness/helper,mixed-retired-live,DUPLICATE,MERGE,no for verify_downloads,extract live download/hash check before retiring old body,asset hashes/download bandwidth,verify_downloads is LIVE in release_generated_ci.public_smoke; retired native CLI/body is historical
scripts/ci_release_publish.py,harness/helper,release,RELEASE-ONLY,RELEASE-ONLY,"yes for builders/consumers, no for metadata guards",Release CI,job-specific; see CI matrix,exact source/artifact hashes + READY/publication
scripts/ci_release_reuse.py,harness/helper,release,RELEASE-ONLY,RELEASE-ONLY,"yes for builders/consumers, no for metadata guards",Release CI,job-specific; see CI matrix,exact source/artifact hashes + READY/publication
scripts/ci_release_summary.py,harness/helper,tooling,DUPLICATE,SIMPLIFY,no,focused boundary tests / verify.py check,seconds; cold compiler/setup unknown,publication_rows remains covered by current workflow tests; native-specific summary body is stale and not invoked by current YAML
scripts/clean_development.py,harness/helper,historical-cleanup,DUPLICATE,HISTORICAL,no,experiment_workspace.py replaces current policy,I/O only; never invoke for this audit,fixed old-path export allowlist
scripts/collect_runtime_notices.py,harness/helper,retired-native,OBSOLETE,DELETE,legacy only,pinned old tag replaces retired CLI,CLI exits before work,no current gate; retain reports/history
scripts/common.py,harness/helper,source-tooling,CANONICAL,KEEP,no,canonical development/release boundary,seconds; cold compiler/setup unknown,Pinned inputs and checked archive extraction shared by release tools.
scripts/compile_guest_aot.py,harness/helper,retired-native,OBSOLETE,DELETE,legacy only,pinned old tag replaces retired CLI,CLI exits before work,no current gate; retain reports/history
scripts/consumer_acceptance.py,harness/helper,source-tooling,CANONICAL,KEEP,no,canonical development/release boundary,seconds; cold compiler/setup unknown,Runtime-independent exact-module and clean supported-platform acceptance helpers.
scripts/consumer_module.py,harness/helper,source-tooling,CANONICAL,KEEP,no,canonical development/release boundary,seconds; cold compiler/setup unknown,Private exact-tag Go module fixtures; never create a remote tag or release.
scripts/deployment.py,harness/helper,tooling,CANONICAL,KEEP,no,focused boundary tests / verify.py check,seconds; cold compiler/setup unknown,Mach-O minimum deployment target check still protects host-only wheel
scripts/diagnose_guest_start.py,harness/helper,retired-native,OBSOLETE,DELETE,legacy only,pinned old tag replaces retired CLI,CLI exits before work,no current gate; retain reports/history
scripts/distribution_licenses.py,harness/helper,release,RELEASE-ONLY,RELEASE-ONLY,"yes for builders/consumers, no for metadata guards",Release CI,job-specific; see CI matrix,exact source/artifact hashes + READY/publication
scripts/experiment_disk.py,harness/helper,policy,CANONICAL,KEEP,no,canonical development/release boundary,seconds; cold compiler/setup unknown,Disk-only guard for owned experiment output; never starts a guest itself.
scripts/experiment_workspace.py,harness/helper,policy,CANONICAL,KEEP,no,canonical development/release boundary,seconds; cold compiler/setup unknown,"Preserve knowledge, not workspace state; recreatable output is disposable."
scripts/fast_tranche_acceptance.py,harness/helper,retired-native,OBSOLETE,DELETE,legacy only,pinned old tag replaces retired CLI,CLI exits before work,no current gate; retain reports/history
scripts/generate_runtime.py,harness/helper,source-tooling,CANONICAL,KEEP,no,canonical development/release boundary,seconds; cold compiler/setup unknown,Install checksum-bound candidate source as the built-in generated-Go guest.
scripts/generated_release.py,harness/helper,release,RELEASE-ONLY,RELEASE-ONLY,"yes for builders/consumers, no for metadata guards",Release CI,job-specific; see CI matrix,exact source/artifact hashes + READY/publication
scripts/generated_release_acceptance.py,harness/helper,release,RELEASE-ONLY,RELEASE-ONLY,"yes for builders/consumers, no for metadata guards",Release CI,job-specific; see CI matrix,exact source/artifact hashes + READY/publication
scripts/git_identity.py,harness/helper,identity,CANONICAL,KEEP,no,canonical development/release boundary,seconds; cold compiler/setup unknown,Inspect source identity and verify pinned releases before expensive work.
scripts/guest_auth_hooks.py,harness/helper,source-tooling,CANONICAL,KEEP,no,canonical development/release boundary,seconds; cold compiler/setup unknown,Bounded key validation and real authentication acceptance for pinned MariaDB.
scripts/guest_experiment.py,harness/helper,source-tooling,CANONICAL,KEEP,no,canonical development/release boundary,seconds; cold compiler/setup unknown,"Small, explicitly non-production guest patch boundary."
scripts/guest_init_hooks.py,harness/helper,source-tooling,CANONICAL,KEEP,no,canonical development/release boundary,seconds; cold compiler/setup unknown,"Small, fail-closed source insertions into the pinned embedded-server path."
scripts/guest_smoke/main.go,harness/helper,tooling,DUPLICATE,MERGE,yes when run,focused boundary tests / verify.py check,seconds; cold compiler/setup unknown,Start/SELECT1/Close is already in godefault; use as one shared tiny published consumer rather than a second gate
scripts/install_guest_host_tools.sh,harness/helper,source-tooling,CANONICAL,KEEP,no,canonical development/release boundary,seconds; cold compiler/setup unknown,install_guest_host_tools
scripts/install_guest_toolchain.py,harness/helper,source-tooling,CANONICAL,KEEP,no,canonical development/release boundary,seconds; cold compiler/setup unknown,Install the pinned Linux x86_64 WASIXCC toolchain for guest builds.
scripts/linux_runtime_notices.py,harness/helper,retired-native,OBSOLETE,DELETE,legacy only,pinned old tag replaces retired CLI,CLI exits before work,no current gate; retain reports/history
scripts/native_target.py,harness/helper,tooling,CANONICAL,SIMPLIFY,no,focused boundary tests / verify.py check,seconds; cold compiler/setup unknown,Keep current macOS/Ubuntu target validation; retire native/AOT bundle fields only after importer audit
scripts/package_native.py,harness/helper,retired-native,OBSOLETE,DELETE,legacy only,pinned old tag replaces retired CLI,CLI exits before work,no current gate; retain reports/history
scripts/package_source.py,harness/helper,retired-native,OBSOLETE,DELETE,legacy only,pinned old tag replaces retired CLI,CLI exits before work,no current gate; retain reports/history
scripts/platform_acceptance.py,harness/helper,retired-native,OBSOLETE,DELETE,legacy only,pinned old tag replaces retired CLI,CLI exits before work,no current gate; retain reports/history
scripts/platform_acceptance/consumer.go,harness/helper,tooling,HISTORICAL,DELETE,yes when run,historical tag/report; replacements in unique_responsibility,seconds; cold compiler/setup unknown,Native bundle consumer; current generated module and GORM/default acceptance replace it
scripts/prepare_guest.py,harness/helper,source-tooling,CANONICAL,KEEP,no,canonical development/release boundary,seconds; cold compiler/setup unknown,Prepare a fresh MariaDB source tree from the public input lock and overlays.
scripts/prepared_auth_keys.py,harness/helper,source-tooling,CANONICAL,KEEP,no,canonical development/release boundary,seconds; cold compiler/setup unknown,"Fixed PUBLIC test-only RSA material; deterministic guest header, never key generation."
scripts/regenerate_release_guest.py,harness/helper,release,RELEASE-ONLY,RELEASE-ONLY,"yes for builders/consumers, no for metadata guards",Release CI,job-specific; see CI matrix,exact source/artifact hashes + READY/publication
scripts/release_consumer/python_smoke.py,harness/helper,tooling,HISTORICAL,DELETE,no,historical tag/report; replacements in unique_responsibility,seconds; cold compiler/setup unknown,Old small ORM consumer replaced by current SQLAlchemy44 case module
scripts/release_consumer_smoke.py,harness/helper,tooling,OBSOLETE,DELETE,no,historical tag/report; replacements in unique_responsibility,seconds; cold compiler/setup unknown,Retired native consumer; generated_release_acceptance replaces it; extract live download checks from importer before removal
scripts/release_generated_ci.py,harness/helper,release,RELEASE-ONLY,RELEASE-ONLY,"yes for builders/consumers, no for metadata guards",Release CI,job-specific; see CI matrix,exact source/artifact hashes + READY/publication
scripts/release_plan.py,harness/helper,release,RELEASE-ONLY,RELEASE-ONLY,"yes for builders/consumers, no for metadata guards",Release CI,job-specific; see CI matrix,exact source/artifact hashes + READY/publication
scripts/release_preparation_checks.py,harness/helper,release,RELEASE-ONLY,RELEASE-ONLY,"yes for builders/consumers, no for metadata guards",Release CI,job-specific; see CI matrix,exact source/artifact hashes + READY/publication
scripts/release_prepare.py,harness/helper,release,RELEASE-ONLY,RELEASE-ONLY,"yes for builders/consumers, no for metadata guards",Release CI,job-specific; see CI matrix,exact source/artifact hashes + READY/publication
scripts/release_version.py,harness/helper,release,RELEASE-ONLY,RELEASE-ONLY,"yes for builders/consumers, no for metadata guards",Release CI,job-specific; see CI matrix,exact source/artifact hashes + READY/publication
scripts/runtime_notices.py,harness/helper,retired-native,OBSOLETE,DELETE,legacy only,pinned old tag replaces retired CLI,CLI exits before work,no current gate; retain reports/history
scripts/runtime_sources.py,harness/helper,source-tooling,CANONICAL,KEEP,no,canonical development/release boundary,seconds; cold compiler/setup unknown,Verify pinned WASIX runtime/header source coverage without rebuilding sysroot.
scripts/runtime_validation.py,harness/helper,identity,CANONICAL,KEEP,no,canonical development/release boundary,seconds; cold compiler/setup unknown,Authenticate Product CI runtime evidence separately from final release artifacts.
scripts/ubuntu_acceptance/lifecycle.go,harness/helper,tooling,HISTORICAL,DELETE,yes when run,historical tag/report; replacements in unique_responsibility,seconds; cold compiler/setup unknown,Consumer only used by retired native Ubuntu harness; current godefault/module acceptance replaces it
scripts/ubuntu_product_acceptance.py,harness/helper,tooling,OBSOLETE,DELETE,no,historical tag/report; replacements in unique_responsibility,seconds; cold compiler/setup unknown,Old native archive lifecycle; generated_release_acceptance on Ubuntu and test_generated_platform replace this boundary
scripts/v03_acceptance.py,harness/helper,retired-native,OBSOLETE,DELETE,legacy only,pinned old tag replaces retired CLI,CLI exits before work,no current gate; retain reports/history
scripts/validate_product_candidate.py,harness/helper,tooling,REUSABLE EXPERIMENT TOOL,SIMPLIFY,"yes, correctness + optional measurement",focused boundary tests / verify.py check,observed complete jobs 42–48min incl build/comparison,"Proven platform qualification orchestrator; separate reusable runtime receipt from v044/v043 comparison and performance, not blanket deletion"
scripts/verify.py,harness/helper,source-tooling,CANONICAL,KEEP,no,canonical development/release boundary,seconds; cold compiler/setup unknown,"Small local entry points for development, integration, release, and benchmarks."
scripts/verify_generated_runtime.py,harness/helper,source-tooling,CANONICAL,KEEP,no,canonical development/release boundary,seconds; cold compiler/setup unknown,"Verify canonical generated source, pinned inputs and guest identity."
scripts/verify_guest_provenance.py,harness/helper,historical-source,HISTORICAL,HISTORICAL,no,legacy evidence parser; current generated release source closure owns release,seconds; cold compiler/setup unknown,recorded old sysroot evidence; source primitive tests currently live
scripts/verify_source.py,harness/helper,retired-native,OBSOLETE,DELETE,legacy only,pinned old tag replaces retired CLI,CLI exits before work,no current gate; retain reports/history
scripts/vet_generated.py,harness/helper,source-tooling,CANONICAL,KEEP,no,canonical development/release boundary,seconds; cold compiler/setup unknown,Go vet adapter: scope only unreachable to generated pure-function packages.
tests/conftest.py,harness/helper,tooling,CANONICAL,RELEVANT-CHANGES-ONLY,no,focused boundary tests / verify.py check,seconds; cold compiler/setup unknown,focused failures + source revision
tests/consumer/gorm/dogfood_test.go,test,installed-consumer,RELEASE-ONLY,KEEP,yes,generated_release_acceptance / Product installed-pytest,"minutes, cold builds included","wheel exact bytes, ORM semantics, pytest/xdist teardown"
tests/consumer/run_gorm.py,harness/helper,orm-harness,DUPLICATE,MERGE,yes,generated_release_acceptance owns final artifacts; retain one development adapter,minutes + cold compiler,same GORM32/SQLAlchemy44 case sets
tests/consumer/run_sqlalchemy.py,harness/helper,orm-harness,DUPLICATE,MERGE,yes,generated_release_acceptance owns final artifacts; retain one development adapter,minutes + cold compiler,same GORM32/SQLAlchemy44 case sets
tests/consumer/run_zero_setup.py,harness/helper,retired-consumer,HISTORICAL,DELETE,legacy bundle,generated_release_acceptance + godefault + test_generated_platform replace native path,seconds; cold compiler/setup unknown,old native/provisioning contract
tests/consumer/test_database.py,test,installed-consumer,RELEASE-ONLY,KEEP,yes,generated_release_acceptance / Product installed-pytest,"minutes, cold builds included","wheel exact bytes, ORM semantics, pytest/xdist teardown"
tests/consumer/test_generated_platform.py,test,installed-consumer,RELEASE-ONLY,KEEP,yes,generated_release_acceptance / Product installed-pytest,"minutes, cold builds included","wheel exact bytes, ORM semantics, pytest/xdist teardown"
tests/consumer/test_sqlalchemy_dogfood.py,test,installed-consumer,RELEASE-ONLY,KEEP,yes,generated_release_acceptance / Product installed-pytest,"minutes, cold builds included","wheel exact bytes, ORM semantics, pytest/xdist teardown"
tests/consumer/test_ubuntu.py,test,retired-consumer,HISTORICAL,DELETE,legacy bundle,generated_release_acceptance + godefault + test_generated_platform replace native path,seconds; cold compiler/setup unknown,old native/provisioning contract
tests/diagnostics/active_query_close.py,harness/helper,failure-diagnostic,REUSABLE EXPERIMENT TOOL,KEEP,yes,manual diagnosed Close/query issue,manual; no current mandatory owner,failure CPU/process/thread lifecycle
tests/generatedmemory/pure_memory32_test.go,test,memory32,CANONICAL,KEEP,"controlled translated fixture, not full MariaDB",verify.py integration,focused execution + compile,memory32 bounds trap without host exit
tests/godefault/default_test.go,test,runtime-real,CANONICAL,KEEP,yes,verify.py integration; godefault also final module acceptance,seconds to minutes + cold compile,real SQL/isolation/lifecycle and errors
tests/godefault/failure_paths_test.go,test,runtime-real,CANONICAL,KEEP,yes,verify.py integration; godefault also final module acceptance,seconds to minutes + cold compile,real SQL/isolation/lifecycle and errors
tests/godefault/fd_lifetime_test.go,test,runtime-real,CANONICAL,KEEP,yes,verify.py integration; godefault also final module acceptance,seconds to minutes + cold compile,real SQL/isolation/lifecycle and errors
tests/gointegration/lifecycle_test.go,test,runtime-real,CANONICAL,KEEP,yes,verify.py integration; godefault also final module acceptance,seconds to minutes + cold compile,real SQL/isolation/lifecycle and errors
tests/gointegration/multiclient_test.go,test,runtime-real,CANONICAL,KEEP,yes,verify.py integration; godefault also final module acceptance,seconds to minutes + cold compile,real SQL/isolation/lifecycle and errors
tests/gointegration/owned_prepared_test.go,test,snapshot-real,CANONICAL,KEEP,yes,verify.py integration; godefault also final module acceptance,seconds to minutes + cold compile,real SQL/isolation/lifecycle and errors
tests/historical/test_benchmark_artifacts.py,test,historical,HISTORICAL,HISTORICAL,historical guest for runtime experiments,"pinned historical source, no current CI owner",not remeasured; old builds may be expensive,historical report/reduction
tests/historical/test_ci_guest_source.py,test,historical,HISTORICAL,HISTORICAL,historical guest for runtime experiments,"pinned historical source, no current CI owner",not remeasured; old builds may be expensive,historical report/reduction
tests/historical/test_ci_release.py,test,historical,HISTORICAL,HISTORICAL,historical guest for runtime experiments,"pinned historical source, no current CI owner",not remeasured; old builds may be expensive,historical report/reduction
tests/historical/test_ci_release_platforms.py,test,historical,HISTORICAL,HISTORICAL,historical guest for runtime experiments,"pinned historical source, no current CI owner",not remeasured; old builds may be expensive,historical report/reduction
tests/historical/test_ci_release_public_smoke.py,test,historical,HISTORICAL,HISTORICAL,historical guest for runtime experiments,"pinned historical source, no current CI owner",not remeasured; old builds may be expensive,historical report/reduction
tests/historical/test_fast_tranche_acceptance.py,test,historical,HISTORICAL,HISTORICAL,historical guest for runtime experiments,"pinned historical source, no current CI owner",not remeasured; old builds may be expensive,historical report/reduction
tests/historical/test_guest_build_boundary.py,test,historical,HISTORICAL,HISTORICAL,historical guest for runtime experiments,"pinned historical source, no current CI owner",not remeasured; old builds may be expensive,historical report/reduction
tests/historical/test_guest_start_diagnostic.py,test,historical,HISTORICAL,HISTORICAL,historical guest for runtime experiments,"pinned historical source, no current CI owner",not remeasured; old builds may be expensive,historical report/reduction
tests/historical/test_linux_runtime_notices.py,test,historical,HISTORICAL,HISTORICAL,historical guest for runtime experiments,"pinned historical source, no current CI owner",not remeasured; old builds may be expensive,historical report/reduction
tests/historical/test_native_package.py,test,historical,HISTORICAL,HISTORICAL,historical guest for runtime experiments,"pinned historical source, no current CI owner",not remeasured; old builds may be expensive,historical report/reduction
tests/historical/test_platform_acceptance.py,test,historical,HISTORICAL,HISTORICAL,historical guest for runtime experiments,"pinned historical source, no current CI owner",not remeasured; old builds may be expensive,historical report/reduction
tests/historical/test_release_consumer_smoke.py,test,historical,HISTORICAL,HISTORICAL,historical guest for runtime experiments,"pinned historical source, no current CI owner",not remeasured; old builds may be expensive,historical report/reduction
tests/historical/test_runtime_notices.py,test,historical,HISTORICAL,HISTORICAL,historical guest for runtime experiments,"pinned historical source, no current CI owner",not remeasured; old builds may be expensive,historical report/reduction
tests/historical/test_ubuntu_acceptance.py,test,historical,HISTORICAL,HISTORICAL,historical guest for runtime experiments,"pinned historical source, no current CI owner",not remeasured; old builds may be expensive,historical report/reduction
tests/historical/test_v03_acceptance.py,test,historical,HISTORICAL,HISTORICAL,historical guest for runtime experiments,"pinned historical source, no current CI owner",not remeasured; old builds may be expensive,historical report/reduction
tests/historical/wasmer_timeout_test.go,test,historical,HISTORICAL,HISTORICAL,historical guest for runtime experiments,"pinned historical source, no current CI owner",not remeasured; old builds may be expensive,historical report/reduction
tests/historical/wasmer_zero_setup_test.go,test,historical,HISTORICAL,HISTORICAL,historical guest for runtime experiments,"pinned historical source, no current CI owner",not remeasured; old builds may be expensive,historical report/reduction
tests/integration.py,harness/helper,wire-owner-gap,REUSABLE EXPERIMENT TOOL,MERGE,yes,currently only retired v03_acceptance; move unique checks to canonical integration,real host setup; not measured here,"typed values, flags, auth/error injection"
tests/snapshots.py,harness/helper,snapshot-real,CANONICAL,KEEP,yes,verify.py integration; godefault also final module acceptance,seconds to minutes + cold compile,real SQL/isolation/lifecycle and errors
tests/support/wire_acceptance.py,harness/helper,wire-owner-gap,REUSABLE EXPERIMENT TOOL,MERGE,yes,currently only retired v03_acceptance; move unique checks to canonical integration,real host setup; not measured here,"typed values, flags, auth/error injection"
tests/test_benchmark_inputs.py,test,measurement-tool-pure,HISTORICAL,MERGE,no,check currently; recommend select live measurement-tool tests only,"seconds, no campaign",Old WASM/AOT reuse guest-input digest unit; preserve input-sensitive negative oracle in live identity/input helper before retiring old cache schema
tests/test_ci_publication_workflow.py,test,identity-release-pure,CANONICAL,KEEP,no,check / focused release_preparation_checks (subset),"fixture Git/archive operations, seconds","reject wrong object/version/SHA, stale or missing proof, unsafe transport"
tests/test_ci_release_publish.py,test,identity-release-pure,CANONICAL,KEEP,no,check / focused release_preparation_checks (subset),"fixture Git/archive operations, seconds","reject wrong object/version/SHA, stale or missing proof, unsafe transport"
tests/test_ci_release_reuse.py,test,identity-release-pure,CANONICAL,KEEP,no,check / focused release_preparation_checks (subset),"fixture Git/archive operations, seconds","reject wrong object/version/SHA, stale or missing proof, unsafe transport"
tests/test_competitive_benchmark.py,test,measurement-tool-pure,CANONICAL,RELEVANT-CHANGES-ONLY,no,check currently; recommend select live measurement-tool tests only,"seconds, no campaign",statistics/scope/failure and harness identity correctness
tests/test_consumer_acceptance.py,test,source-tool-pure,CANONICAL,KEEP,no,focused boundary tests / verify.py check,seconds; cold compiler/setup unknown,Runtime-independent module/platform acceptance still fails closed.
tests/test_deployment.py,test,source-license-pure,CANONICAL,KEEP,no,check / relevant touched tool,"synthetic fixtures, seconds","pins, source inventory, legal mirrors/platform minimum"
tests/test_development_cleanup.py,test,policy-pure,CANONICAL,KEEP,no,focused policy changes / check,"fixture disk/Git operations, seconds","no cache KEEP, unique history protected, publication allowlist"
tests/test_distribution_licenses.py,test,source-license-pure,CANONICAL,KEEP,no,check / relevant touched tool,"synthetic fixtures, seconds","pins, source inventory, legal mirrors/platform minimum"
tests/test_experiment_workspace.py,test,policy-pure,CANONICAL,KEEP,no,focused policy changes / check,"fixture disk/Git operations, seconds","no cache KEEP, unique history protected, publication allowlist"
tests/test_final_latency.py,test,measurement-tool-pure,HISTORICAL,MERGE,no,check currently; recommend select live measurement-tool tests only,"seconds, no campaign",Legacy runner tests and live distribution reducer; move live reducer assertions to current shared measurement tests first
tests/test_generated_default.py,test,python-api-pure,CANONICAL,KEEP,no,focused boundary tests / verify.py check,seconds; cold compiler/setup unknown,Fast default selection and host-only packaging regressions.
tests/test_generated_release.py,test,source-tool-pure,CANONICAL,KEEP,no,focused boundary tests / verify.py check,seconds; cold compiler/setup unknown,"Current release contract: fail closed on wrong bytes, sources and boundaries."
tests/test_generated_runtime_inventory.py,test,source-license-pure,CANONICAL,KEEP,no,check / relevant touched tool,"synthetic fixtures, seconds","pins, source inventory, legal mirrors/platform minimum"
tests/test_git_identity.py,test,identity-release-pure,CANONICAL,KEEP,no,check / focused release_preparation_checks (subset),"fixture Git/archive operations, seconds","reject wrong object/version/SHA, stale or missing proof, unsafe transport"
tests/test_go_isolation.py,test,measurement-tool-pure,CANONICAL,RELEVANT-CHANGES-ONLY,no,check currently; recommend select live measurement-tool tests only,"seconds, no campaign",statistics/scope/failure and harness identity correctness
tests/test_guest_auth_hooks.py,test,source-tool-pure,CANONICAL,KEEP,no server; some native C/crypto tests need compiler/archive,focused boundary tests / verify.py check,"seconds to compile, conditional skips",Fail-closed source preparation and actual pinned callback/crypto acceptance.
tests/test_guest_provenance.py,test,source-license-pure,HISTORICAL,HISTORICAL,no,check / relevant touched tool,"synthetic fixtures, seconds",Old verify_guest_provenance/sysroot record parser regression; current generated-release source/notice closure is the final release replacement
tests/test_guest_repro_tools.py,test,source-tool-pure,CANONICAL,KEEP,no,focused boundary tests / verify.py check,seconds; cold compiler/setup unknown,Fast regressions for fail-closed guest reproducibility tooling.
tests/test_guest_startup_timing.py,test,source-tool-pure,CANONICAL,KEEP,no,focused boundary tests / verify.py check,seconds; cold compiler/setup unknown,Native C diagnostic smoke; guest execution/AOT is checked by the build workflow.
tests/test_init_diagnostics.py,test,source-tool-pure,CANONICAL,KEEP,no server; some native C/crypto tests need compiler/archive,focused boundary tests / verify.py check,"seconds to compile, conditional skips",Diagnostic collectors and source hooks: no real guest required.
tests/test_isolation_baseline.py,test,measurement-tool-pure,CANONICAL,RELEVANT-CHANGES-ONLY,no,check currently; recommend select live measurement-tool tests only,"seconds, no campaign",statistics/scope/failure and harness identity correctness
tests/test_memory_envelope.py,test,measurement-tool-pure,HISTORICAL,MERGE,no,check currently; recommend select live measurement-tool tests only,"seconds, no campaign",Legacy envelope runner plus resource summarize used by current v04_candidate; move shared accounting oracle before retiring CLI
tests/test_native_target.py,test,source-license-pure,CANONICAL,KEEP,no,check / relevant touched tool,"synthetic fixtures, seconds","pins, source inventory, legal mirrors/platform minimum"
tests/test_owned_snapshot.py,test,snapshot-real,CANONICAL,KEEP,yes,verify.py integration; godefault also final module acceptance,seconds to minutes + cold compile,real SQL/isolation/lifecycle and errors
tests/test_owned_snapshot_unit.py,test,python-api-pure,CANONICAL,KEEP,no,focused boundary tests / verify.py check,seconds; cold compiler/setup unknown,Focused ownership/control-host tests without starting the MariaDB guest.
tests/test_packaging_license_mirrors.py,test,source-license-pure,CANONICAL,KEEP,no,check / relevant touched tool,"synthetic fixtures, seconds","pins, source inventory, legal mirrors/platform minimum"
tests/test_practical_suites.py,test,measurement-tool-pure,HISTORICAL,HISTORICAL,no,check currently; recommend select live measurement-tool tests only,"seconds, no campaign",Old native-path suite boundary/statistics fixture; dated reproducible report replaces current gate responsibility
tests/test_prepared_auth_keys.py,test,source-tool-pure,CANONICAL,KEEP,no server; some native C/crypto tests need compiler/archive,focused boundary tests / verify.py check,"seconds to compile, conditional skips","Public, deterministic key fixture and exclusive per-guest provisioning."
tests/test_python_diagnostics.py,test,python-api-pure,CANONICAL,KEEP,no,focused boundary tests / verify.py check,seconds; cold compiler/setup unknown,Deterministic startup diagnostics without running a MariaDB guest.
tests/test_python_multiclient.py,test,runtime-real,CANONICAL,RELEVANT-CHANGES-ONLY,"yes, check skips",integration: normal Close / multiclient; forced timeout manual only,seconds; timeout diagnostic non-gate,wrapper and real server sessions/Close
tests/test_python_timeout.py,test,runtime-real,CANONICAL,RELEVANT-CHANGES-ONLY,"yes, check skips",integration: normal Close / multiclient; forced timeout manual only,seconds; timeout diagnostic non-gate,wrapper and real server sessions/Close
tests/test_release_docs.py,test,identity-release-pure,CANONICAL,KEEP,no,check / focused release_preparation_checks (subset),"fixture Git/archive operations, seconds","reject wrong object/version/SHA, stale or missing proof, unsafe transport"
tests/test_release_plan.py,test,identity-release-pure,CANONICAL,KEEP,no,check / focused release_preparation_checks (subset),"fixture Git/archive operations, seconds","reject wrong object/version/SHA, stale or missing proof, unsafe transport"
tests/test_release_prepare.py,test,identity-release-pure,CANONICAL,KEEP,no,check / focused release_preparation_checks (subset),"fixture Git/archive operations, seconds","reject wrong object/version/SHA, stale or missing proof, unsafe transport"
tests/test_release_tools.py,test,policy-pure,CANONICAL,KEEP,no,focused policy changes / check,"fixture disk/Git operations, seconds","no cache KEEP, unique history protected, publication allowlist"
tests/test_release_version.py,test,identity-release-pure,CANONICAL,KEEP,no,check / focused release_preparation_checks (subset),"fixture Git/archive operations, seconds","reject wrong object/version/SHA, stale or missing proof, unsafe transport"
tests/test_runtime_sources.py,test,source-license-pure,CANONICAL,KEEP,no,check / relevant touched tool,"synthetic fixtures, seconds","pins, source inventory, legal mirrors/platform minimum"
tests/test_runtime_validation.py,test,identity-release-pure,CANONICAL,KEEP,no,check / focused release_preparation_checks (subset),"fixture Git/archive operations, seconds","reject wrong object/version/SHA, stale or missing proof, unsafe transport"
tests/test_snapshot_copy.py,test,python-api-pure,CANONICAL,KEEP,no,focused boundary tests / verify.py check,seconds; cold compiler/setup unknown,"Canonical cold-copy contents, sparse data and exclusive destination contracts."
tests/test_v04_direct_link_report.py,test,measurement-tool-pure,HISTORICAL,HISTORICAL,no,check currently; recommend select live measurement-tool tests only,"seconds, no campaign",Dated report-renderer observations; not qualification of a current runtime candidate
tests/test_v04_verification_scope.py,test,source-tool-pure,CANONICAL,KEEP,no,focused boundary tests / verify.py check,seconds; cold compiler/setup unknown,v0.4 retains focused race gates without suppressing full-guest diagnostics.
tests/test_verification_report.py,test,measurement-tool-pure,CANONICAL,RELEVANT-CHANGES-ONLY,no,check currently; recommend select live measurement-tool tests only,"seconds, no campaign",statistics/scope/failure and harness identity correctness
tests/test_vet_generated.py,test,source-license-pure,CANONICAL,KEEP,no,check / relevant touched tool,"synthetic fixtures, seconds","pins, source inventory, legal mirrors/platform minimum"
tests/verify_alpha.py,harness/helper,installed-consumer,RELEASE-ONLY,KEEP,yes,generated_release_acceptance / Product installed-pytest,"minutes, cold builds included","wheel exact bytes, ORM semantics, pytest/xdist teardown"
.agents/skills/release/SKILL.md,policy/workflow,policy-workflow,CANONICAL,KEEP,no,scripts/release_prepare.py; identity + workflow tests,release-only,Versioned release preparation + exact-CI handoff; no second approval or polling
.agents/skills/experiment-workspace/SKILL.md,policy/workflow,policy-workflow,CANONICAL,KEEP,no,experiment_workspace.py + experiment_disk.py + helper tests,every authorized experiment,Owned disposable lifecycle and unique-history protection
AGENTS.md,policy/workflow,policy-workflow,CANONICAL,SIMPLIFY,no,development docs + shared guards; part prose only,read before substantial work,Canonical scope/identity/release handoff policy; stale 0.2 label should be current generic policy
docs/development.md,policy/workflow,policy-workflow,CANONICAL,SIMPLIFY,no,verify.py / focused helpers,all development; doc-only read,Changed-boundary entry selection; scope table incomplete for non-release tooling changes
docs/development-cleanup.md,policy/workflow,policy-workflow,HISTORICAL,HISTORICAL,no,experiment-workspace.md replaces policy,history only,Dated cleanup evidence explicitly superseded; misleading old cache KEEP table must not become instructions
docs/experiment-workspace.md,policy/workflow,policy-workflow,CANONICAL,KEEP,no,helper enforces paths/locks/debt,experiments,Current retention/execution policy and reproduction records
docs/verification.md,policy/workflow,policy-workflow,HISTORICAL,HISTORICAL,no,development/releasing replace current guidance,history only,Dated Wasmer acceptance not current gate
docs/project-status.md,policy/workflow,policy-workflow,CANONICAL,SIMPLIFY,no,CI/release authoritative; update status post-release,planning,Current direction; still says release pending despite published v044
.github/workflows/check.yml,policy/workflow,policy-workflow,CANONICAL,SIMPLIFY,job-specific,runtime_validation --development / verify.py,push main / PR,Development source check and relevant integration; fixed receipt expiry dependency
.github/workflows/v044-product-validation.yml,policy/workflow,policy-workflow,CANONICAL,SIMPLIFY,job-specific,validate_product_candidate.py,"manual qualification, implementation-branch push",Both-platform runtime evidence combined with release-specific performance
.github/workflows/release-candidate-ready.yml,policy/workflow,policy-workflow,RELEASE-ONLY,RELEASE-ONLY,job-specific,generated_release / release_generated_ci,manual verify/release,Exact final artifact/source/guard/publication with runtime reuse
scripts/release_consumer/main.go.template,input/guide,infrastructure-input,HISTORICAL,DELETE,no,see linked harness responsibility,metadata-only,Native bundle smoke template replaced by godefault/public module acceptance
benchmarks/practical-suite-inputs.json,input/guide,infrastructure-input,HISTORICAL,HISTORICAL,no,see linked harness responsibility,metadata-only,Fixed container/native historical workload identity; preserve with its dated report
benchmarks/testcontainers-inputs.json,input/guide,infrastructure-input,CANONICAL,KEEP,no,see linked harness responsibility,metadata-only,Exact container control input for comparative experiment; does not qualify mariamem runtime
benchmarks/requirements.txt,input/guide,infrastructure-input,CANONICAL,RELEVANT-CHANGES-ONLY,no,see linked harness responsibility,metadata-only,"Optional Docker/Testcontainers consumer dependencies, outside ordinary checks"
tests/consumer/sqlalchemy-requirements.txt,input/guide,infrastructure-input,CANONICAL,MERGE,no,see linked harness responsibility,metadata-only,ORM dependency pins duplicated in release harness; centralize explicit pin ownership
tests/consumer/gorm/go.mod,input/guide,infrastructure-input,CANONICAL,KEEP,no,see linked harness responsibility,metadata-only,Pinned actual GORM/go-sql-driver consumer deps
tests/consumer/gorm/go.sum,input/guide,infrastructure-input,CANONICAL,KEEP,no,see linked harness responsibility,metadata-only,Checksum-bound GORM consumer dependency graph
benchmarks/competitive/go.mod,input/guide,infrastructure-input,CANONICAL,KEEP,no,see linked harness responsibility,metadata-only,Optional container comparator module deps
benchmarks/competitive/go.sum,input/guide,infrastructure-input,CANONICAL,KEEP,no,see linked harness responsibility,metadata-only,Checksum-bound comparator dependencies
tests/historical/README.md,input/guide,infrastructure-input,HISTORICAL,HISTORICAL,no,see linked harness responsibility,metadata-only,Explicit non-current test/tag provenance
benchmarks/README.md,input/guide,infrastructure-input,CANONICAL,SIMPLIFY,no,see linked harness responsibility,metadata-only,"Current benchmark commands mixed with old Wasmer, native and removed workflows"
benchmarks/ownedprepared/README.md,input/guide,infrastructure-input,CANONICAL,KEEP,no,see linked harness responsibility,metadata-only,Current operation/CPU/parallel scope and exact source accounting
release/baselines/v0.4.3.json,input/guide,infrastructure-input,CANONICAL,KEEP,no,see linked harness responsibility,metadata-only,Single exact published baseline pin for supported comparison parent
release/runtime-validation.json,input/guide,infrastructure-input,RELEASE-ONLY,RELEASE-ONLY,no,see linked harness responsibility,metadata-only,v044 pinned Product artifact intent; fixed retention source must not become permanent Development dependency
