payload_mib,operation,wall_ms,cpu_ms,minor_faults,major_faults,allocation_bytes,physical_delta,rss_delta
0,snapshot,359.843708,383.354,27313,0,291609064,352469064,353419264
0,fork/select1/first,0.549542,0.45200000000000795,191,0,57648,65536,65536
0,fork/select1/second,0.500333,0.3769999999999607,202,0,58240,49152,49152
0,fork/pk/first,1.0565,0.9339999999999904,324,0,61840,32768,1458176
0,fork/pk/second,0.7846249999999999,0.7620000000000404,216,0,58360,49152,49152
0,fork/range/first,1.01375,0.9130000000001637,306,0,60120,49152,1228800
0,fork/range/second,0.810084,0.6549999999999612,230,0,60336,32768,32768
0,fork/count/first,1.242167,1.0609999999999786,250,0,60872,0,49152
0,fork/count/second,0.742083,0.6180000000000074,226,0,58208,0,0
0,fork/scan/first,0.907792,0.8679999999998689,232,0,59680,0,65536
0,fork/scan/second,0.737584,0.6719999999997839,213,0,58456,0,0
0,fresh/select1/first,0.527,0.4060000000001285,221,0,57648,0,0
0,fresh/select1/second,0.44870899999999997,0.3589999999999982,219,0,57648,0,0
0,fresh/pk/first,0.6455000000000001,0.5570000000001407,222,0,60984,0,0
0,fresh/pk/second,0.6405420000000001,0.5390000000000672,230,0,58840,0,0
0,fresh/range/first,0.758417,0.6829999999999892,234,0,58464,0,0
0,fresh/range/second,0.7827500000000001,0.6800000000000139,233,0,58416,0,0
0,fresh/count/first,0.584042,0.5129999999999857,227,0,58208,0,0
0,fresh/count/second,0.580084,0.5239999999999689,226,0,58208,0,0
0,fresh/scan/first,0.730084,0.7089999999998486,238,0,58456,0,0
0,fresh/scan/second,0.7102080000000001,0.6749999999999812,225,0,58456,0,0
10,snapshot,395.327542,424.27899999999994,29440,0,331422552,338182192,339017728
10,fork/select1/first,0.505667,0.4470000000000862,291,0,58016,0,0
10,fork/select1/second,0.49270800000000003,0.3820000000001045,206,0,60048,0,0
10,fork/pk/first,1.944959,1.8729999999997915,393,0,61040,0,1540096
10,fork/pk/second,0.7822079999999999,0.7090000000000707,238,0,58360,0,0
10,fork/range/first,1.793125,1.735000000000042,411,0,60488,16384,1359872
10,fork/range/second,0.877417,0.8630000000000582,234,0,58416,0,0
10,fork/count/first,33.899208,63.212000000000046,1608,0,613872,-18726864,10960896
10,fork/count/second,33.285667,54.11199999999994,646,0,493768,0,0
10,fork/scan/first,43.28554200000001,80.22000000000018,1593,0,527016,3326000,10878976
10,fork/scan/second,40.686,74.4959999999999,653,0,382016,0,0
10,fresh/select1/first,0.4745,0.412000000000301,222,0,57696,0,0
10,fresh/select1/second,0.48916699999999996,0.37300000000017874,217,0,57648,0,0
10,fresh/pk/first,0.7463339999999999,0.6810000000001537,257,0,58472,0,0
10,fresh/pk/second,0.668458,0.6170000000000897,250,0,58360,0,0
10,fresh/range/first,0.78875,0.700000000000145,245,0,63568,0,0
10,fresh/range/second,0.7693329999999999,0.6479999999999819,253,0,58416,0,0
10,fresh/count/first,32.018959,51.06600000000006,772,0,539224,475184,442368
10,fresh/count/second,33.204167,54.44099999999974,673,0,498568,0,0
10,fresh/scan/first,42.639917,76.95100000000022,691,0,420056,32768,0
10,fresh/scan/second,42.184540999999996,77.37200000000044,670,0,398208,0,0
100,snapshot,830.226417,778.6870000000006,37523,0,551887216,191774648,11993088
100,fork/select1/first,0.633625,1.1329999999993845,504,0,59936,0,0
100,fork/select1/second,0.743542,0.7380000000001274,254,0,58016,16384,16384
100,fork/pk/first,2.019709,2.5929999999991793,531,0,62352,49200,1572864
100,fork/pk/second,0.8344999999999999,0.7210000000004158,263,0,62584,0,0
100,fork/range/first,2.483166,2.4160000000001958,438,0,61800,65608,1425408
100,fork/range/second,0.91975,0.7780000000003895,264,0,58416,0,0
100,fork/count/first,337.84158399999995,579.675,9252,0,5117720,3260512,118751232
100,fork/count/second,357.115209,618.2219999999994,2189,0,4574792,0,114688
100,fork/scan/first,455.844709,862.0229999999989,9265,0,4147536,3915872,118882304
100,fork/scan/second,411.129,816.0419999999995,2209,0,3402728,98304,131072
100,fresh/select1/first,0.520333,0.4239999999988697,244,0,57648,0,0
100,fresh/select1/second,0.49366600000000005,0.39599999999850866,241,0,57648,0,0
100,fresh/pk/first,0.885208,0.8040000000022474,324,0,60448,0,0
100,fresh/pk/second,0.9900829999999999,0.9000000000014552,299,0,58840,0,0
100,fresh/range/first,0.891042,0.8179999999988752,284,0,58416,0,0
100,fresh/range/second,0.771666,0.6570000000003517,273,0,58416,0,0
100,fresh/count/first,351.60795900000005,605.5820000000018,2094,0,4659104,0,16384
100,fresh/count/second,353.88270900000003,621.454,1875,0,4708704,0,0
100,fresh/scan/first,442.80366599999996,858.1359999999983,2426,0,3776816,0,0
100,fresh/scan/second,568.808125,854.3939999999992,2375,0,3675520,0,-32768
