boundary,case,payload_mib,label,workers,trials,fork_samples,ready_p50_ms,ready_p95_ms,preparation_s,snapshot_or_import_ms,suite_wall_p50_s,suite_wall_p95_s,suite_cpu_p50_s,suite_cpu_scope,sum_operation_p50_s,suite_product_p50_s,diagnostic_overhead_p50_s,fds_before,fds_snapshot,fds_after
go,serial,0,baseline,1,3,48,189.06456250000002,238.01904199999998,1.9518590839999999,840.574792,5.485810458,5.489493125,4.279294,RUSAGE_SELF; benchmark/diagnostic overhead included; counter-helper child CPU excluded,5.428689329999999,5.428689329999999,0.057121128000000354,5,6,6
go,serial,0,candidate,1,3,48,93.2415,125.733125,2.044164333,865.5343330000001,3.977236917,4.023456083,2.700161,RUSAGE_SELF; benchmark/diagnostic overhead included; counter-helper child CPU excluded,3.928437752000001,3.928437752000001,0.04879916499999881,5,17,6
go,serial,10,baseline,1,3,48,208.738271,244.128375,2.781584125,807.263625,7.262821583,8.21604775,6.8987549999999995,RUSAGE_SELF; benchmark/diagnostic overhead included; counter-helper child CPU excluded,7.206288415000005,7.206288415000005,0.048948750000000985,5,6,6
go,serial,10,candidate,1,3,48,125.466625,152.412125,2.7111889590000002,915.866584,5.696440208,5.909619584,5.2737430000000005,RUSAGE_SELF; benchmark/diagnostic overhead included; counter-helper child CPU excluded,5.641345167,5.641345167,0.0550950410000004,5,17,6
go,serial,100,baseline,1,3,48,264.3824165,339.057209,9.193619209,1178.2163750000002,20.524597625,21.531588875,23.463922,RUSAGE_SELF; benchmark/diagnostic overhead included; counter-helper child CPU excluded,20.430994123000012,20.430994123000012,0.0856416699999869,5,6,6
go,serial,100,candidate,1,3,48,138.2046665,163.913958,8.765724084,1287.926584,18.568608375,19.585362416,21.299218,RUSAGE_SELF; benchmark/diagnostic overhead included; counter-helper child CPU excluded,18.47801182599999,18.47801182599999,0.09436553199999764,5,17,6
go,crud,0,baseline,1,3,48,163.75383349999998,210.42316599999998,1.775838834,665.66275,4.756890125,5.1772135,3.750441,RUSAGE_SELF; benchmark/diagnostic overhead included; counter-helper child CPU excluded,4.7109501279999995,4.7109501279999995,0.04384253300000207,5,6,6
go,crud,0,candidate,1,3,48,68.7597085,125.52058299999999,1.6109496669999999,510.13575,2.933551167,3.727415375,1.750213,RUSAGE_SELF; benchmark/diagnostic overhead included; counter-helper child CPU excluded,2.8988359529999985,2.8988359529999985,0.03861033099999989,5,17,6
go,application,0,baseline,1,3,48,146.48027150000001,218.751209,1.527355708,464.427125,4.426766833,5.468739292,3.45851,RUSAGE_SELF; benchmark/diagnostic overhead included; counter-helper child CPU excluded,4.3862726689999985,4.3862726689999985,0.04049416400000183,5,6,6
go,application,0,candidate,1,3,48,68.4593545,181.966708,1.4530725409999998,413.88608300000004,3.827718417,4.201096125,1.7861639999999999,RUSAGE_SELF; benchmark/diagnostic overhead included; counter-helper child CPU excluded,3.786587914000001,3.786587914000001,0.041130502999998875,5,17,6
go,parallel,10,baseline,4,3,48,212.0536875,373.585708,2.168109667,689.226208,5.194293208,5.274876833,6.142149,RUSAGE_SELF; benchmark/diagnostic overhead included; counter-helper child CPU excluded,12.754976035999997,5.171471749999999,0.01923037400000016,5,6,6
go,parallel,10,candidate,4,3,48,82.9176875,162.022583,1.997193293,449.12766700000003,4.056232875,4.122152959,4.2912289999999995,RUSAGE_SELF; benchmark/diagnostic overhead included; counter-helper child CPU excluded,8.997208747000004,4.036767043,0.017578125,5,17,6
import,serial,0,baseline,1,3,48,274.62308350004605,325.3080000004047,0.08650991700005761,86.50991700005761,5.09086945800027,5.152067750000242,5.438751000000001,RUSAGE_SELF + reaped RUSAGE_CHILDREN; includes DB hosts and counter-helper CPU; diagnostic-inclusive,5.041951786999107,5.041951786999107,0.046837627998684184,3,3,3
import,serial,0,candidate,1,3,48,133.08143749986812,215.5507080001371,0.26636258300004556,266.36258300004556,2.977011541000138,3.497361209000246,3.0972349999999995,RUSAGE_SELF + reaped RUSAGE_CHILDREN; includes DB hosts and counter-helper CPU; diagnostic-inclusive,2.933906040997499,2.933906040997499,0.04082466699901488,3,14,3
import,serial,10,baseline,1,3,48,269.87470849985584,333.97087499997724,0.0912218749999738,91.2218749999738,5.89390820799963,5.955301958999826,6.374454,RUSAGE_SELF + reaped RUSAGE_CHILDREN; includes DB hosts and counter-helper CPU; diagnostic-inclusive,5.850724421999075,5.850724421999075,0.04044908600053532,3,3,3
import,serial,10,candidate,1,3,48,116.08279100005348,163.57891699999527,0.2704074590001255,270.4074590001255,3.5771463330002007,3.8887774160002664,3.9715619999999996,RUSAGE_SELF + reaped RUSAGE_CHILDREN; includes DB hosts and counter-helper CPU; diagnostic-inclusive,3.5380535870012864,3.5380535870012864,0.04552496000087558,3,14,3
import,serial,100,baseline,1,3,48,421.2413960001413,483.3800000001247,0.1497858749999068,149.7858749999068,13.919290499999988,14.301764166999874,16.693623,RUSAGE_SELF + reaped RUSAGE_CHILDREN; includes DB hosts and counter-helper CPU; diagnostic-inclusive,13.871392460998777,13.871392460998777,0.04465579300267564,3,3,3
import,serial,100,candidate,1,3,48,120.60927100014851,145.91616699999577,0.5605359999999564,560.5359999999564,9.170757666999634,9.40279237499999,11.712866,RUSAGE_SELF + reaped RUSAGE_CHILDREN; includes DB hosts and counter-helper CPU; diagnostic-inclusive,9.104180044000259,9.104180044000259,0.0488155450020713,3,14,3
import,crud,0,baseline,1,3,48,276.8551664998995,337.6188750003166,0.08151658299993869,81.51658299993869,5.145726083000227,5.620316958999865,5.488478,RUSAGE_SELF + reaped RUSAGE_CHILDREN; includes DB hosts and counter-helper CPU; diagnostic-inclusive,5.1060254189983425,5.1060254189983425,0.039700664001884434,3,3,3
import,crud,0,candidate,1,3,48,147.62835400006225,248.90370799994344,0.280833000000257,280.833000000257,3.738376750000043,4.642330958000002,3.922117,RUSAGE_SELF + reaped RUSAGE_CHILDREN; includes DB hosts and counter-helper CPU; diagnostic-inclusive,3.686215999999149,3.686215999999149,0.05216075000089404,3,14,3
import,application,0,baseline,1,3,48,270.2665205001722,328.1991669996387,0.0831537499998376,83.1537499998376,4.8980881659999795,5.546868666000137,5.213786,RUSAGE_SELF + reaped RUSAGE_CHILDREN; includes DB hosts and counter-helper CPU; diagnostic-inclusive,4.858493832000931,4.858493832000931,0.039594333999048104,3,3,3
import,application,0,candidate,1,3,48,101.17593749987464,153.44066600027872,0.2081187079998017,208.1187079998017,3.099192708999908,3.17339766699979,2.351467,RUSAGE_SELF + reaped RUSAGE_CHILDREN; includes DB hosts and counter-helper CPU; diagnostic-inclusive,3.0644533729969226,3.0644533729969226,0.03473933600298551,3,14,3
import,parallel,10,baseline,4,3,48,374.5356670001456,659.3373750001774,0.08672854200040092,86.72854200040092,2.478429166999831,3.200365249999777,6.748933,RUSAGE_SELF + reaped RUSAGE_CHILDREN; includes DB hosts and counter-helper CPU; diagnostic-inclusive,9.393548252000983,2.4627842509999027,0.01790424900036669,3,3,3
import,parallel,10,candidate,4,3,48,106.05775000021822,174.21979200025817,0.2124833750003745,212.4833750003745,1.676721291999911,2.406922542000302,4.073656,RUSAGE_SELF + reaped RUSAGE_CHILDREN; includes DB hosts and counter-helper CPU; diagnostic-inclusive,5.485078954999608,1.657920001000548,0.01880129099936312,3,14,3
