case,payload_mib,databases,workers,workload,lifecycle,trials,median_seconds,min_seconds,max_seconds,median_wall_seconds,median_cpu_seconds
migration64,0,4,1,read,fork,3,1.56916025,0.837259628,1.622047916,1.615037167,0.816588
migration64,0,4,1,read,fresh,3,0.36431862299999995,0.348102458,1.4597260870000002,0.388902958,0.34641500000000003
suite,0,1,1,read,fork,3,0.464189541,0.457155582,0.487019875,0.50332525,0.467033
suite,0,1,1,read,fresh,3,0.069149876,0.0665105,0.10640029299999999,0.089938458,0.056458999999999995
suite,0,2,1,read,fork,3,0.524622876,0.523458831,0.525608707,0.566168833,0.511894
suite,0,2,1,read,fresh,3,0.132095916,0.132040958,0.13615391599999999,0.156157791,0.10426200000000001
suite,0,4,1,read,fork,3,0.656339876,0.6547911230000001,0.679654792,0.697811333,0.61167
suite,0,4,1,read,fresh,3,0.290888001,0.285388334,0.291041794,0.315826875,0.230587
suite,0,16,1,app-connections,fork,3,1.5543596669999997,1.5488417509999999,1.5597465000000001,1.594618,1.3004980000000002
suite,0,16,1,app-connections,fresh,3,1.2803567939999994,1.2581264570000001,1.2852328369999997,1.30651925,1.017603
suite,0,16,1,crud,fork,3,1.5666133330000005,1.5204211669999999,1.5739461679999993,1.605953291,1.306184
suite,0,16,1,crud,fresh,3,1.26496017,1.2638175409999999,1.2675888669999997,1.289598417,1.007771
suite,0,32,1,read,fork,3,2.6346572030000006,2.620404912,2.6581222840000005,2.6747938749999998,2.149073
suite,0,32,1,read,fresh,3,2.510810829000003,2.4969103709999985,2.543392833,2.5366934580000002,1.9994759999999998
suite,10,1,1,read,fork,3,1.091685294,1.068270333,1.118377332,1.132604209,1.10509
suite,10,1,1,read,fresh,3,0.619179709,0.6083220410000001,0.6248455,0.645480334,0.6297309999999999
suite,10,2,1,read,fork,3,1.1905566660000002,1.1822149579999999,1.202906916,1.234876583,1.228271
suite,10,2,1,read,fresh,3,1.255950875,1.237827458,1.2808567919999998,1.282978708,1.268389
suite,10,4,1,read,fork,3,1.396651123,1.3898386249999994,1.39988775,1.440183708,1.44652
suite,10,4,1,read,fresh,3,2.5399958339999995,2.50367975,2.544151249000001,2.568709417,2.550129
suite,10,8,4,app-connections,fork,3,2.038133875,1.8653160830000002,2.0688980009999995,2.059192958,2.600686
suite,10,8,4,app-connections,fresh,3,3.509274583,3.431337,4.57585175,3.52558275,6.700055999999999
suite,100,1,1,read,fork,3,6.5098480830000005,6.473608417000001,6.522958166,6.561367709,6.746566
suite,100,1,1,read,fresh,3,5.695867875,5.670673875,5.756180334000001,5.7352805,5.982595000000001
suite,100,2,1,read,fork,3,6.809214665,6.788673373000001,7.055029623999999,6.862542583,7.201841
suite,100,2,1,read,fresh,3,11.462099875999998,11.425710334,11.4936325,11.502281125,12.004185000000001
suite,100,4,1,read,fork,3,7.821125415999999,7.791696376,8.049405085,7.878731417,8.472123
suite,100,4,1,read,fresh,3,23.970675999999997,23.509420416999998,24.416463876000005,24.010269417,25.128498
