baseline_path	baseline_line	classification	scope	resolution	original_excerpt
benchmarks/README.md	275	2	historical experiment/record	historical note/current-path pointer; preserve measured history	ready preparation. Restore is the actual `/snapshot-in/data` → `/mariadb` copy;
benchmarks/cow-feasibility.md	1	1	historical experiment/record	retain scoped statement; see canonical terminology	# v0.4 CoW feasibility
benchmarks/cow-feasibility.md	8	1	historical experiment/record	retain scoped statement; see canonical terminology	`v0.4/cow-spike`を作成した。main、production runtime、public API、Snapshot/Forkは変更していない。
benchmarks/cow-feasibility.md	21	1	historical experiment/record	retain scoped statement; see canonical terminology	raw page hashes / logs / generated Go / binariesはignored `benchmarks/results/cow/` 内の独立go.modに隔離。
benchmarks/cow-feasibility.md	22	1	historical experiment/record	retain scoped statement; see canonical terminology	再現用[templates/scripts](spikes/cow/)と[compact trial evidence](spikes/cow/evidence.json)を公開する。
benchmarks/cow-feasibility.md	39	1	historical experiment/record	retain scoped statement; see canonical terminology	  helperの`private_bytes`はnull。vmmapのDIRTY、mappingのSM=COW/PRVを併用するが、shared clean/dirtyを
benchmarks/cow-feasibility.md	108	1	historical experiment/record	retain scoped statement; see canonical terminology	小さいphysical増加は既存resident pageへのwriteを隠す。**将来のCoWではこの既存pageへのwriteにもprivate copyが必要**。
benchmarks/cow-feasibility.md	120	1	historical experiment/record	retain scoped statement; see canonical terminology	generated-Goのfilesystem/Aria compatibilityに新しいhardening課題がある。CoWによる回帰ではない。
benchmarks/cow-feasibility.md	126	1	historical experiment/record	retain scoped statement; see canonical terminology	| Generated code | OS executable mappingsで既にclean pages共有。code-only CoWの追加gainは小さい |
benchmarks/cow-feasibility.md	135	1	historical experiment/record	retain scoped statement; see canonical terminology	| A. Memory-image CoW | physicalの大きい対象。initialized imageは実証済み。MariaDB-ready imageはthread/runtime reconstructionが未解決 |
benchmarks/cow-feasibility.md	136	1	historical experiment/record	retain scoped statement; see canonical terminology	| B. Filesystem CoW only | runtime/threadsをfresh生成でき、snapshot整合性は比較的限定できる。ただし現fixtureのresident FS約4.8 MiBがmemory gainの目安であり、150 MiB削減ではない。bootstrap省略のlatency効果は未測定 |
benchmarks/cow-feasibility.md	138	1	historical experiment/record	retain scoped statement; see canonical terminology	| D. OS process fork | Go multi-thread runtimeのcontinuationは採用可能と実証していない。fork-execではguest live heap cloneの利点を得られない。分析のみ、実装なし |
benchmarks/cow-feasibility.md	151	1	historical experiment/record	retain scoped statement; see canonical terminology	- **cow:** readonly fdから`MAP_PRIVATE`, RW child view。shared growは2 GiB backing内のlogical limit更新。
benchmarks/cow-feasibility.md	157	1	historical experiment/record	retain scoped statement; see canonical terminology	  full2 GiBのdisk scanはしない。base readonly・private mappingによる非変更とSQL isolationも確認した。
benchmarks/cow-feasibility.md	160	1	historical experiment/record	retain scoped statement; see canonical terminology	fresh / anon / cowすべて、既存22-record SQL assertions（ready、SELECT1、CRUD、COMMIT/ROLLBACK、constraints、
benchmarks/cow-feasibility.md	161	1	historical experiment/record	retain scoped statement; see canonical terminology	2 sessions、shutdown）とauth self-test成功。cow children A/Bは各1,000 rowsを持ち、AのUPDATE/DDL/
benchmarks/cow-feasibility.md	183	1	historical experiment/record	retain scoped statement; see canonical terminology	| cow ×1 | 29.3 | 29.8 | 100.88 | 80.45 | 0.040 |
benchmarks/cow-feasibility.md	184	1	historical experiment/record	retain scoped statement; see canonical terminology	| cow ×4 | 1050.4 | 1053.1 | 101.07 | 80.57 | 0.241 |
benchmarks/cow-feasibility.md	185	1	historical experiment/record	retain scoped statement; see canonical terminology	| cow ×8 | 1082.9 | 1086.0 | 101.12 | 80.68 | 0.555 |
benchmarks/cow-feasibility.md	186	1	historical experiment/record	retain scoped statement; see canonical terminology	| cow ×16 | 1132.3 | 1137.2 | 101.12 | 80.69 | 1.050 |
benchmarks/cow-feasibility.md	188	1	historical experiment/record	retain scoped statement; see canonical terminology	代表ready vmmap：cow linear mapping **2 GiB virtual / 70.9 MiB resident / 69.1 MiB DIRTY**、
benchmarks/cow-feasibility.md	191	1	historical experiment/record	retain scoped statement; see canonical terminology	anonymous control同×1の86.81→cow80.45 MiBは**約6.36 MiB / 7.3%**減。
benchmarks/cow-feasibility.md	192	1	historical experiment/record	retain scoped statement; see canonical terminology	fresh88.99→anon86.81 MiBの約2.18 MiBはownership/GC/bookkeeping等の別効果を含み、CoWだけに帰属しない。
benchmarks/cow-feasibility.md	194	1	historical experiment/record	retain scoped statement; see canonical terminology	×16 fresh89.35→cow80.69 MiB/DB、**9.70%減**。
benchmarks/cow-feasibility.md	195	1	historical experiment/record	retain scoped statement; see canonical terminology	`(cow×16 total − cow×1 total)/15`の追加DB chargeは**80.71 MiB**。
benchmarks/cow-feasibility.md	199	1	historical experiment/record	retain scoped statement; see canonical terminology	RSSはshared pagesの重複計上を含むため、RSS差だけでCoW効果を主張しない。
benchmarks/cow-feasibility.md	201	1	historical experiment/record	retain scoped statement; see canonical terminology	fixture後footprint medians：fresh/anon/cow ×1は89.74/87.57/81.21 MiB、×16は90.14/93.53/81.46 MiB/DB。
benchmarks/cow-feasibility.md	203	1	historical experiment/record	retain scoped statement; see canonical terminology	**他のmemory変動を隠さない：** anon×16の3 trialsは92.77/87.02/93.06 MiB、cow×8は80.50/92.84/80.68 MiB。
benchmarks/cow-feasibility.md	204	1	historical experiment/record	retain scoped statement; see canonical terminology	GC/runtime/cacheの候補はあるが今回因果を特定していない。×16 anonの高いmedianだけを選び大きなCoW gainを算出しない。
benchmarks/cow-feasibility.md	208	1	historical experiment/record	retain scoped statement; see canonical terminology	anon **25.9/27.8/33.9/36.0**、cow **28.5/29.8/33.6/34.2**。
benchmarks/cow-feasibility.md	209	1	historical experiment/record	retain scoped statement; see canonical terminology	10試行の補間p95はtailを代表しない。≥500msはfresh1/10、anon0/10、cow0/10。
benchmarks/cow-feasibility.md	212	1	historical experiment/record	retain scoped statement; see canonical terminology	**子作成latencyの改善は実証していない。** initialized base→fresh MariaDB→SQLはcow29.8 msでfresh26.8 msより速くない。
benchmarks/cow-feasibility.md	213	1	historical experiment/record	retain scoped statement; see canonical terminology	fixture load/COUNTまでの×1 medianはfresh34.3 / anon35.4 / cow37.4 ms。
benchmarks/cow-feasibility.md	221	1	historical experiment/record	retain scoped statement; see canonical terminology	snapshot時のserver停止/CoW data clone/restart、forkごとのfresh backend・private buffer cacheを説明している。
benchmarks/cow-feasibility.md	225	1	historical experiment/record	retain scoped statement; see canonical terminology	private CoW memory-image mappingもある。
benchmarks/cow-feasibility.md	235	1	historical experiment/record	retain scoped statement; see canonical terminology	  ただしcopy-on-write faultのwrite履歴、長期background dirtying、安全なclone境界は未証明。
benchmarks/cow-feasibility.md	238	1	historical experiment/record	retain scoped statement; see canonical terminology	- **Linear CoW：** mmap ownership/address/growは実証。MariaDB-ready cloneにはmeaningful thread/TLS/FD/lifecycle設計が必要。
benchmarks/cow-feasibility.md	239	2	historical experiment/record	historical note/current-path pointer; preserve measured history	- **Filesystem CoW：** plausibleだが未実証。このfixtureでのmemory対象はresident約4.8 MiB、larger gainはlinear側。
benchmarks/cow-feasibility.md	259	1	historical experiment/record	retain scoped statement; see canonical terminology	### YELLOW — COW POSSIBLE, ARCHITECTURE WORK REQUIRED
benchmarks/direct-link-architecture-investigation.md	46	2	historical experiment/record	historical note/current-path pointer; preserve measured history	| MemFS / prepared writable files | PER-INSTANCE GO OBJECT SUFFICIENT | fresh MemFS.root/node tree。MapPreparedFilesはprivate writable mappings。direct proofはfresh FSのみで、prepared mappingの直接リンク統合は未実験 |
benchmarks/fast-architecture-review.md	164	2	historical experiment/record	historical note/current-path pointer; preserve measured history	### B. Filesystem sharing / CoW while retaining cold engine startup
benchmarks/fast-architecture-review.md	169	2	historical experiment/record	historical note/current-path pointer; preserve measured history	To remove it, the guest must use an isolated host-backed datadir or a lazy/CoW
benchmarks/fast-architecture-review.md	270	1	historical experiment/record	retain scoped statement; see canonical terminology	independent continuations, potentially with memory CoW and filesystem CoW.
benchmarks/fast-architecture-review.md	289	1	historical experiment/record	retain scoped statement; see canonical terminology	allocates and copies bytes, despite a CoW comment elsewhere. Neither independent
benchmarks/fast-architecture-review.md	294	1	historical experiment/record	retain scoped statement; see canonical terminology	- **OS process clone:** native CoW is attractive, but copying a multithreaded
benchmarks/fast-architecture-review.md	364	2	historical experiment/record	historical note/current-path pointer; preserve measured history	| B: filesystem CoW | Removes eager copies only when guest backing changes; init remains | Less copy CPU/file backing; private engine remains | Medium; storage/ownership correctness | Filesystem capability varies; fallback required | Keep Snapshot; adjust internal ownership |
benchmarks/fast-architecture-review.md	366	1	historical experiment/record	retain scoped statement; see canonical terminology	| D: runtime sharing | Affects an unmeasured fraction, not init by itself | Shared code/runtime possible; private engine remains | Large; fatal-error blast radius and thread cleanup | Both require runtime support | No change if failure isolation preserved |
benchmarks/fast-architecture-review.md	367	1	historical experiment/record	retain scoped statement; see canonical terminology	| E: initialized continuation | Directly avoids dominant init; must also address copying/validation | Amortized init; true CoW could reduce unique pages, full-copy restore cannot | Highest; consistent multi-thread/memory/FS state | Unproven on both; avoid Linux-only commitment | Retain cold Snapshot; hot state lifetime must be explicit internally |
benchmarks/mariadb-init-investigation.md	383	1	historical experiment/record	retain scoped statement; see canonical terminology	  shareable memory ownership before choosing storage/runtime sharing.
benchmarks/mariadb-init-investigation.md	389	1	historical experiment/record	retain scoped statement; see canonical terminology	  feasibility probe is justified; selecting checkpointing, CoW, VFS or an
benchmarks/prepared-clone-feasibility.md	5	1	historical experiment/record	retain scoped statement; see canonical terminology	開始SHA：**8658310fce7745c7a8df04bc0aed7d7a6ce5ce14** (`v0.4/cow-spike`)。
benchmarks/prepared-clone-feasibility.md	40	1	historical experiment/record	retain scoped statement; see canonical terminology	| thread-free initialized linear image | 前CoW proofの15.16 MiB resident extentsを再利用。MariaDB ready時の約75 MiB imageではない |
benchmarks/prepared-clone-feasibility.md	106	1	historical experiment/record	retain scoped statement; see canonical terminology	不整合なlive imageをchildへ渡す実験、unsafe Unix fork、MariaDB internals/address patchは行わない。
benchmarks/prepared-clone-feasibility.md	115	1	historical experiment/record	retain scoped statement; see canonical terminology	1. 同一legacy guestと前CoWのpre-init imageから新しいguest Moduleを作る。
benchmarks/prepared-clone-feasibility.md	126	1	historical experiment/record	retain scoped statement; see canonical terminology	Controls：**fresh-db**は前CoW pre-init image＋empty MemFS、
benchmarks/prepared-clone-feasibility.md	128	1	historical experiment/record	retain scoped statement; see canonical terminology	**prepared-cow**はそのfilesのMAP_PRIVATE view。全modeでpre-init linear imageを使う。
benchmarks/prepared-clone-feasibility.md	133	1	historical experiment/record	retain scoped statement; see canonical terminology	prepared-copy/cow両方で、既存22-record SQL assertionsとauth callback self-testを確認。
benchmarks/prepared-clone-feasibility.md	137	1	historical experiment/record	retain scoped statement; see canonical terminology	同じbaseからcow children A/Bを同時に作成：
benchmarks/prepared-clone-feasibility.md	152	1	historical experiment/record	retain scoped statement; see canonical terminology	prepared-cowは30 independent children。raw trialsをevidenceに保存。
benchmarks/prepared-clone-feasibility.md	157	1	historical experiment/record	retain scoped statement; see canonical terminology	| prepared-cow metric | min ms | p50 ms | p95 ms | max ms |
benchmarks/prepared-clone-feasibility.md	164	1	historical experiment/record	retain scoped statement; see canonical terminology	**このfixtureではprepared-cowにstartup latency優位はない。** schema/loadの再実行は省いたが、MariaDB startupは省いていない。
benchmarks/prepared-clone-feasibility.md	171	1	historical experiment/record	retain scoped statement; see canonical terminology	30 singlesの≥500 msは0/30。×16 prepared-cowは0/3 groups、fresh-dbは3/3 groupsが約1秒pathを含む。
benchmarks/prepared-clone-feasibility.md	177	1	historical experiment/record	retain scoped statement; see canonical terminology	×4/8/16は各mode3 group trials、×1はcow30 / controls10。countersはSELECT1とCOUNT後、guestを生存させて取得。
benchmarks/prepared-clone-feasibility.md	191	1	historical experiment/record	retain scoped statement; see canonical terminology	| prepared-cow ×1 | 33.7 | 34.2 | 105.98 | 76.95 | 0.042 |
benchmarks/prepared-clone-feasibility.md	192	1	historical experiment/record	retain scoped statement; see canonical terminology	| prepared-cow ×4 | 47.2 | 48.0 | 105.95 | 76.93 | 0.192 |
benchmarks/prepared-clone-feasibility.md	193	1	historical experiment/record	retain scoped statement; see canonical terminology	| prepared-cow ×8 | 78.7 | 80.5 | 106.08 | 77.04 | 0.468 |
benchmarks/prepared-clone-feasibility.md	194	1	historical experiment/record	retain scoped statement; see canonical terminology	| prepared-cow ×16 | 151.8 | 154.7 | 106.14 | 77.15 | 0.956 |
benchmarks/prepared-clone-feasibility.md	198	1	historical experiment/record	retain scoped statement; see canonical terminology	前pre-init CoW80.71 MiBより **4.4%減**、matched fresh-db×16より約5.4%減、
benchmarks/prepared-clone-feasibility.md	201	1	historical experiment/record	retain scoped statement; see canonical terminology	別の許可環境でfull vmmapを取得。prepared-cow childのlinear mapは
benchmarks/prepared-clone-feasibility.md	208	1	historical experiment/record	retain scoped statement; see canonical terminology	helperの`private_bytes`はnull。vmmap DIRTYとSM=COWで補うが、全childのprivate-dirtyを精密分配した値はない。
benchmarks/prepared-clone-feasibility.md	214	1	historical experiment/record	retain scoped statement; see canonical terminology	前pre-init CoWの同様のbase込み約1.276 GiBより**小さいという証拠はない**。
benchmarks/prepared-clone-feasibility.md	248	1	historical experiment/record	retain scoped statement; see canonical terminology	runtime sharing、production Snapshot/Fork、他architectureの選択も行わない。
benchmarks/reentry-feasibility.md	149	1	historical experiment/record	retain scoped statement; see canonical terminology	generated-Go baseline約89 MiB、pre-init CoW約81 MiB、remaining linear dirty約69 MiB。
benchmarks/reentry-feasibility.md	164	1	historical experiment/record	retain scoped statement; see canonical terminology	汎用continuation runtime、arbitrary waiter serialization、個別address patches、unsafe OS forkには進まず停止。
benchmarks/spikes/cow/README.md	1	1	isolated experiment mode/name/template; not production	retain scoped statement; see canonical terminology	# Isolated CoW characterization / proof
benchmarks/spikes/cow/README.md	4	1	isolated experiment mode/name/template; not production	retain scoped statement; see canonical terminology	See [report](../../cow-feasibility.md) and [compact evidence](evidence.json).
benchmarks/spikes/cow/README.md	14	1	isolated experiment mode/name/template; not production	retain scoped statement; see canonical terminology	cp -R benchmarks/results/wasm2go-execution/import-patched benchmarks/results/cow/profile-replay
benchmarks/spikes/cow/README.md	15	1	isolated experiment mode/name/template; not production	retain scoped statement; see canonical terminology	python3 benchmarks/spikes/cow/setup_profile.py benchmarks/results/cow/profile-replay
benchmarks/spikes/cow/README.md	16	1	isolated experiment mode/name/template; not production	retain scoped statement; see canonical terminology	cd benchmarks/results/cow/profile-replay
benchmarks/spikes/cow/README.md	19	1	isolated experiment mode/name/template; not production	retain scoped statement; see canonical terminology	build/sqlalchemy-dogfood/py314/bin/python benchmarks/spikes/cow/characterize.py \
benchmarks/spikes/cow/README.md	20	1	isolated experiment mode/name/template; not production	retain scoped statement; see canonical terminology	  --binary benchmarks/results/cow/profile-replay/profile-probe \
benchmarks/spikes/cow/README.md	21	1	isolated experiment mode/name/template; not production	retain scoped statement; see canonical terminology	  --helper build/bench/process-cost --host build/cow-spike/mariamem-host \
benchmarks/spikes/cow/README.md	23	1	isolated experiment mode/name/template; not production	retain scoped statement; see canonical terminology	  --output-dir benchmarks/results/cow/content-replay --runs 3
benchmarks/spikes/cow/README.md	34	1	isolated experiment mode/name/template; not production	retain scoped statement; see canonical terminology	cp -R benchmarks/results/cow/profile-replay benchmarks/results/cow/proof-replay
benchmarks/spikes/cow/README.md	35	1	isolated experiment mode/name/template; not production	retain scoped statement; see canonical terminology	python3 benchmarks/spikes/cow/setup_initial_image.py benchmarks/results/cow/proof-replay
benchmarks/spikes/cow/README.md	36	1	isolated experiment mode/name/template; not production	retain scoped statement; see canonical terminology	cd benchmarks/results/cow/proof-replay
benchmarks/spikes/cow/README.md	39	1	isolated experiment mode/name/template; not production	retain scoped statement; see canonical terminology	COW_BUILD_INITIAL_IMAGE=benchmarks/results/cow/image-replay \
benchmarks/spikes/cow/README.md	40	1	isolated experiment mode/name/template; not production	retain scoped statement; see canonical terminology	  benchmarks/results/cow/proof-replay/proof-probe instantiate
benchmarks/spikes/cow/README.md	41	1	isolated experiment mode/name/template; not production	retain scoped statement; see canonical terminology	build/sqlalchemy-dogfood/py314/bin/python benchmarks/spikes/cow/proof.py \
benchmarks/spikes/cow/README.md	42	1	isolated experiment mode/name/template; not production	retain scoped statement; see canonical terminology	  --binary benchmarks/results/cow/proof-replay/proof-probe \
benchmarks/spikes/cow/README.md	43	1	isolated experiment mode/name/template; not production	retain scoped statement; see canonical terminology	  --image benchmarks/results/cow/image-replay --helper build/bench/process-cost \
benchmarks/spikes/cow/README.md	44	1	isolated experiment mode/name/template; not production	retain scoped statement; see canonical terminology	  --output-dir benchmarks/results/cow/proof-replay-results
benchmarks/spikes/cow/README.md	45	1	isolated experiment mode/name/template; not production	retain scoped statement; see canonical terminology	build/sqlalchemy-dogfood/py314/bin/python benchmarks/spikes/cow/inspect_mapping.py \
benchmarks/spikes/cow/README.md	46	1	isolated experiment mode/name/template; not production	retain scoped statement; see canonical terminology	  --binary benchmarks/results/cow/proof-replay/proof-probe \
benchmarks/spikes/cow/README.md	47	1	isolated experiment mode/name/template; not production	retain scoped statement; see canonical terminology	  --image benchmarks/results/cow/image-replay --helper build/bench/process-cost \
benchmarks/spikes/cow/README.md	48	1	isolated experiment mode/name/template; not production	retain scoped statement; see canonical terminology	  --output-dir benchmarks/results/cow/mapping-replay
benchmarks/spikes/cow/README.md	52	1	isolated experiment mode/name/template; not production	retain scoped statement; see canonical terminology	`cow` uses a private view of the same readonly image. No sharing of running Go state.
benchmarks/spikes/cow/README.md	56	1	isolated experiment mode/name/template; not production	retain scoped statement; see canonical terminology	`summarize.py --results benchmarks/results/cow --output <file>` compacts the accepted
benchmarks/spikes/cow/characterize.py	57	1	isolated experiment mode/name/template; not production	retain scoped statement; see canonical terminology	            env = dict(os.environ, COW_CONTROL_DIR=str(directory), COW_PAUSE_INIT='1')
benchmarks/spikes/cow/characterize.py	59	1	isolated experiment mode/name/template; not production	retain scoped statement; see canonical terminology	            if not a.os_only and run == 0 and mode == 'read': env['COW_EXPORT'] = str(out/'prepared-image')
benchmarks/spikes/cow/characterize.py	122	1	isolated experiment mode/name/template; not production	retain scoped statement; see canonical terminology	                    spec = importlib.util.spec_from_file_location('cow_dogfood', source); dog = importlib.util.module_from_spec(spec); spec.loader.exec_module(dog)
benchmarks/spikes/cow/initial-image.go.txt	23	1	isolated experiment mode/name/template; not production	retain scoped statement; see canonical terminology	var cowMapping []byte
benchmarks/spikes/cow/initial-image.go.txt	25	1	isolated experiment mode/name/template; not production	retain scoped statement; see canonical terminology	func cowNewModule(h *host) *base.Module {
benchmarks/spikes/cow/initial-image.go.txt	26	1	isolated experiment mode/name/template; not production	retain scoped statement; see canonical terminology	"	dir := os.Getenv(""COW_LINEAR_IMAGE"")"
benchmarks/spikes/cow/initial-image.go.txt	27	1	isolated experiment mode/name/template; not production	retain scoped statement; see canonical terminology	"	mode := os.Getenv(""COW_LINEAR_MODE"")"
benchmarks/spikes/cow/initial-image.go.txt	30	1	isolated experiment mode/name/template; not production	retain scoped statement; see canonical terminology	"		if dest := os.Getenv(""COW_BUILD_INITIAL_IMAGE""); dest != """" {"
benchmarks/spikes/cow/initial-image.go.txt	87	1	isolated experiment mode/name/template; not production	retain scoped statement; see canonical terminology	"	case ""cow"":"
benchmarks/spikes/cow/initial-image.go.txt	88	1	isolated experiment mode/name/template; not production	retain scoped statement; see canonical terminology	"		cowMapping, err = syscall.Mmap(int(f.Fd()), 0, info.Length, syscall.PROT_READ|syscall.PROT_WRITE, syscall.MAP_PRIVATE)"
benchmarks/spikes/cow/initial-image.go.txt	90	1	isolated experiment mode/name/template; not production	retain scoped statement; see canonical terminology	"		cowMapping, err = syscall.Mmap(-1, 0, info.Length, syscall.PROT_READ|syscall.PROT_WRITE, syscall.MAP_PRIVATE|syscall.MAP_ANON)"
benchmarks/spikes/cow/initial-image.go.txt	93	1	isolated experiment mode/name/template; not production	retain scoped statement; see canonical terminology	"				if _, err = f.ReadAt(cowMapping[a:a+info.PageSize], int64(a)); err != nil {"
benchmarks/spikes/cow/initial-image.go.txt	104	1	isolated experiment mode/name/template; not production	retain scoped statement; see canonical terminology	"	m := generated.NewFromSnapshot(h, nil, h, cowMapping, info.Logical, info.Globals)"
benchmarks/spikes/cow/initial-image.go.txt	110	1	isolated experiment mode/name/template; not production	retain scoped statement; see canonical terminology	func cowRelease() {
benchmarks/spikes/cow/initial-image.go.txt	111	1	isolated experiment mode/name/template; not production	retain scoped statement; see canonical terminology	"	if cowMapping != nil {"
benchmarks/spikes/cow/initial-image.go.txt	112	1	isolated experiment mode/name/template; not production	retain scoped statement; see canonical terminology	"		if err := syscall.Munmap(cowMapping); err != nil {"
benchmarks/spikes/cow/initial-image.go.txt	115	1	isolated experiment mode/name/template; not production	retain scoped statement; see canonical terminology	"		cowMapping = nil"
benchmarks/spikes/cow/inspect_mapping.py	20	1	isolated experiment mode/name/template; not production	retain scoped statement; see canonical terminology	for mode in ['fresh','anon','cow']:
benchmarks/spikes/cow/inspect_mapping.py	22	1	isolated experiment mode/name/template; not production	retain scoped statement; see canonical terminology	    env=dict(os.environ,COW_CONTROL_DIR=str(d.resolve()),COW_LINEAR_MODE=mode,COW_LINEAR_IMAGE=str(a.image.resolve()))
benchmarks/spikes/cow/profile-control.go.txt	16	1	isolated experiment mode/name/template; not production	retain scoped statement; see canonical terminology	func cowControl(m *base.Module, fs *base.MemFS) func() {
benchmarks/spikes/cow/profile-control.go.txt	17	1	isolated experiment mode/name/template; not production	retain scoped statement; see canonical terminology	"	dir := os.Getenv(""COW_CONTROL_DIR"")"
benchmarks/spikes/cow/profile-control.go.txt	36	1	isolated experiment mode/name/template; not production	retain scoped statement; see canonical terminology	"	if os.Getenv(""COW_PAUSE_INIT"") == ""1"" {"
benchmarks/spikes/cow/proof.py	41	1	isolated experiment mode/name/template; not production	retain scoped statement; see canonical terminology	    def env(mode): return dict(os.environ,COW_LINEAR_IMAGE=str(a.image.resolve()),COW_LINEAR_MODE=mode)
benchmarks/spikes/cow/proof.py	55	1	isolated experiment mode/name/template; not production	retain scoped statement; see canonical terminology	    for mode in ['fresh','anon','cow']:
benchmarks/spikes/cow/proof.py	68	1	isolated experiment mode/name/template; not production	retain scoped statement; see canonical terminology	            g,l=new('cow','isolation-'+name); gs.append(g); logs.append(l)
benchmarks/spikes/cow/proof.py	89	1	isolated experiment mode/name/template; not production	retain scoped statement; see canonical terminology	        g,l=new('cow',f'cycle-{i}')
benchmarks/spikes/cow/proof.py	102	1	isolated experiment mode/name/template; not production	retain scoped statement; see canonical terminology	            for mode in ['fresh','anon','cow']:
benchmarks/spikes/cow/proof.py	143	1	isolated experiment mode/name/template; not production	retain scoped statement; see canonical terminology	    for mode in ['fresh','anon','cow']:
benchmarks/spikes/cow/setup_initial_image.py	14	1	isolated experiment mode/name/template; not production	retain scoped statement; see canonical terminology	    (a.module/'cow_control.go').write_text((here/'profile-control.go.txt').read_text())
benchmarks/spikes/cow/setup_initial_image.py	17	1	isolated experiment mode/name/template; not production	retain scoped statement; see canonical terminology	    assert 'cowNewModule' not in s
benchmarks/spikes/cow/setup_initial_image.py	18	1	isolated experiment mode/name/template; not production	retain scoped statement; see canonical terminology	    s = s.replace('m := generated.NewWithWASI(h, nil, h)', 'm := cowNewModule(h)\n    defer cowRelease()')
benchmarks/spikes/cow/setup_initial_image.py	20	1	isolated experiment mode/name/template; not production	retain scoped statement; see canonical terminology	        s = s.replace('cowControl(m,fs)', 'stopControl:=cowControl(m,fs)\n    defer stopControl()')
benchmarks/spikes/cow/setup_profile.py	14	1	isolated experiment mode/name/template; not production	retain scoped statement; see canonical terminology	    (a.module/'cow_control.go').write_text((here/'profile-control.go.txt').read_text())
benchmarks/spikes/cow/setup_profile.py	17	1	isolated experiment mode/name/template; not production	retain scoped statement; see canonical terminology	    assert 'cowControl(' not in s
benchmarks/spikes/cow/setup_profile.py	18	1	isolated experiment mode/name/template; not production	retain scoped statement; see canonical terminology	"    s = s.replace('    w.SetFS(entropyFS{fs})', '    if image:=os.Getenv(""COW_IMAGE""); image!="""" { if err:=base.SpikeLoadFS(fs,image); err!=nil {panic(err)} }\n    w.SetFS(entropyFS{fs})')"
benchmarks/spikes/cow/setup_profile.py	19	1	isolated experiment mode/name/template; not production	retain scoped statement; see canonical terminology	"    s = s.replace('    trace(""SPIKE instantiated"")', '    stopControl:=cowControl(m,fs)\n    defer stopControl()\n    trace(""SPIKE instantiated"")')"
benchmarks/spikes/cow/setup_profile.py	20	1	isolated experiment mode/name/template; not production	retain scoped statement; see canonical terminology	"    s = s.replace('    trace(""SPIKE all generated workers joined"")', '    if dir:=os.Getenv(""COW_EXPORT"");dir!="""" {if err:=base.SpikeExportFS(fs,dir);err!=nil{panic(err)}}\n    trace(""SPIKE all generated workers joined"")')"
benchmarks/spikes/cow/summarize.py	2	1	isolated experiment mode/name/template; not production	retain scoped statement; see canonical terminology	"""""""Publish compact, path-free CoW evidence; raw hashes/vmmap stay in ignored results."""""""
benchmarks/spikes/generated-go-integration/prepared-files.go.txt	11	1	isolated experiment mode/name/template; not production	retain scoped statement; see canonical terminology	// Each child owns its tree, descriptors, offsets and private writable views.
benchmarks/spikes/generated-go-integration/prepared-growth-test.go.txt	41	1	isolated experiment mode/name/template; not production	retain scoped statement; see canonical terminology	"		t.Fatal(""private mapping unnecessarily replaced"")"
benchmarks/spikes/prepared-clone/README.md	3	1	isolated experiment mode/name/template; not production	retain scoped statement; see canonical terminology	Source: `8658310fce7745c7a8df04bc0aed7d7a6ce5ce14` (`v0.4/cow-spike`).
benchmarks/spikes/prepared-clone/README.md	13	1	isolated experiment mode/name/template; not production	retain scoped statement; see canonical terminology	cp -R benchmarks/results/cow/proof benchmarks/results/cow/prepared-clone
benchmarks/spikes/prepared-clone/README.md	14	1	isolated experiment mode/name/template; not production	retain scoped statement; see canonical terminology	python3 benchmarks/spikes/prepared-clone/setup.py benchmarks/results/cow/prepared-clone
benchmarks/spikes/prepared-clone/README.md	15	1	isolated experiment mode/name/template; not production	retain scoped statement; see canonical terminology	cd benchmarks/results/cow/prepared-clone
benchmarks/spikes/prepared-clone/README.md	19	1	isolated experiment mode/name/template; not production	retain scoped statement; see canonical terminology	  --binary benchmarks/results/cow/prepared-clone/prepared-probe \
benchmarks/spikes/prepared-clone/README.md	22	1	isolated experiment mode/name/template; not production	retain scoped statement; see canonical terminology	  --binary benchmarks/results/cow/prepared-clone/prepared-probe \
benchmarks/spikes/prepared-clone/README.md	25	1	isolated experiment mode/name/template; not production	retain scoped statement; see canonical terminology	  --binary benchmarks/results/cow/prepared-clone/prepared-probe \
benchmarks/spikes/prepared-clone/README.md	27	1	isolated experiment mode/name/template; not production	retain scoped statement; see canonical terminology	  --linear-image benchmarks/results/cow/initial-image \
benchmarks/spikes/prepared-clone/README.md	29	1	isolated experiment mode/name/template; not production	retain scoped statement; see canonical terminology	PREPARED_FS_IMAGE=benchmarks/results/prepared-clone/capture/base PREPARED_FS_MODE=cow \
benchmarks/spikes/prepared-clone/README.md	30	1	isolated experiment mode/name/template; not production	retain scoped statement; see canonical terminology	  build/sqlalchemy-dogfood/py314/bin/python benchmarks/spikes/cow/inspect_mapping.py \
benchmarks/spikes/prepared-clone/README.md	31	1	isolated experiment mode/name/template; not production	retain scoped statement; see canonical terminology	  --binary benchmarks/results/cow/prepared-clone/prepared-probe \
benchmarks/spikes/prepared-clone/README.md	32	1	isolated experiment mode/name/template; not production	retain scoped statement; see canonical terminology	  --image benchmarks/results/cow/initial-image --helper build/bench/process-cost \
benchmarks/spikes/prepared-clone/README.md	45	1	isolated experiment mode/name/template; not production	retain scoped statement; see canonical terminology	and SQL sessions. `cow` maps clean files privately; `copy` copies the same contents
benchmarks/spikes/prepared-clone/README.md	50	1	isolated experiment mode/name/template; not production	retain scoped statement; see canonical terminology	Single prepared-cow starts: 30; control single starts: 10; ×4/8/16: 3 groups each.
benchmarks/spikes/prepared-clone/capture.py	12	1	isolated experiment mode/name/template; not production	retain scoped statement; see canonical terminology	sys.path.insert(0,str(Path(__file__).parents[1]/'cow'))
benchmarks/spikes/prepared-clone/capture.py	19	1	isolated experiment mode/name/template; not production	retain scoped statement; see canonical terminology	env=dict(os.environ,COW_CONTROL_DIR=str(out),PREPARED_EXPORT=str(out/'base'))
benchmarks/spikes/prepared-clone/measure.py	39	1	isolated experiment mode/name/template; not production	retain scoped statement; see canonical terminology	 e=dict(os.environ,COW_LINEAR_MODE='cow',COW_LINEAR_IMAGE=str(a.linear_image.resolve()))
benchmarks/spikes/prepared-clone/measure.py	40	1	isolated experiment mode/name/template; not production	retain scoped statement; see canonical terminology	 if mode!='fresh-db':e.update(PREPARED_FS_IMAGE=str((a.capture/'base').resolve()),PREPARED_FS_MODE='cow' if mode=='prepared-cow' else 'copy')
benchmarks/spikes/prepared-clone/measure.py	52	1	isolated experiment mode/name/template; not production	retain scoped statement; see canonical terminology	for mode in ['prepared-cow','prepared-copy']:
benchmarks/spikes/prepared-clone/measure.py	84	1	isolated experiment mode/name/template; not production	retain scoped statement; see canonical terminology	  g,l=new('prepared-cow','isolation-'+name);gs.append(g);logs.append(l)
benchmarks/spikes/prepared-clone/measure.py	101	1	isolated experiment mode/name/template; not production	retain scoped statement; see canonical terminology	 g,l=new('prepared-cow',f'cycle-{cycle}')
benchmarks/spikes/prepared-clone/measure.py	112	1	isolated experiment mode/name/template; not production	retain scoped statement; see canonical terminology	  for mode in ['fresh-db','prepared-copy','prepared-cow']:
benchmarks/spikes/prepared-clone/measure.py	113	1	isolated experiment mode/name/template; not production	retain scoped statement; see canonical terminology	   if n==1 and trial>=10 and mode!='prepared-cow':continue
benchmarks/spikes/prepared-clone/measure.py	144	1	isolated experiment mode/name/template; not production	retain scoped statement; see canonical terminology	report['summary']={m:{str(n):{k:distribution([r[k] for r in report['trials'] if r['mode']==m and r['workers']==n]) for k in ['ready_seconds','first_sql_seconds','fixture_count_seconds','rss_bytes','primary_bytes','cpu_seconds']} for n in [1,4,8,16]} for m in ['fresh-db','prepared-copy','prepared-cow']}
benchmarks/spikes/prepared-clone/prepared-base.go.txt	50	1	isolated experiment mode/name/template; not production	retain scoped statement; see canonical terminology	"			case ""cow"":"
benchmarks/spikes/prepared-clone/setup.py	2	1	isolated experiment mode/name/template; not production	retain scoped statement; see canonical terminology	"""""""Install only into a copy of the previous isolated CoW module."""""""
benchmarks/spikes/prepared-clone/setup.py	16	1	isolated experiment mode/name/template; not production	retain scoped statement; see canonical terminology	s=s.replace('cowControl(m,fs)', 'cowControl(m,fs,h.WasiStubs)')
benchmarks/spikes/prepared-clone/setup.py	20	1	isolated experiment mode/name/template; not production	retain scoped statement; see canonical terminology	control=a.module/'cow_control.go';s=(here.parent/'cow/profile-control.go.txt').read_text()
benchmarks/spikes/prepared-clone/summarize.py	22	1	isolated experiment mode/name/template; not production	retain scoped statement; see canonical terminology	for mode in ['fresh','anon','cow']:
benchmarks/spikes/reentry/README.md	15	1	isolated experiment mode/name/template; not production	retain scoped statement; see canonical terminology	  --source-module benchmarks/results/cow/prepared-clone \
benchmarks/spikes/reentry/README.md	28	1	isolated experiment mode/name/template; not production	retain scoped statement; see canonical terminology	  --linear-image benchmarks/results/cow/initial-image \
benchmarks/spikes/reentry/component-test.go.txt	151	1	isolated experiment mode/name/template; not production	retain scoped statement; see canonical terminology	"	maps, err := PreparedLoad(fs, dir, ""cow"")"
benchmarks/spikes/reentry/observe.py	29	1	isolated experiment mode/name/template; not production	retain scoped statement; see canonical terminology	        env = dict(os.environ, COW_CONTROL_DIR=str(d), COW_LINEAR_MODE='cow', COW_LINEAR_IMAGE=str(a.linear_image.resolve()),
benchmarks/spikes/reentry/observe.py	30	1	isolated experiment mode/name/template; not production	retain scoped statement; see canonical terminology	                   PREPARED_FS_IMAGE=str(a.prepared_files.resolve()), PREPARED_FS_MODE='cow')
benchmarks/v04-baseline.md	144	1	historical experiment/record	retain scoped statement; see canonical terminology	- CoW/shared prepared state は、同じ fixture・独立 DB semantics で ×1/4/8/16 の incremental footprint と total peak を下げられるか。初回書き込み後のコストはどう変わるか。
benchmarks/v04-baseline.md	145	1	historical experiment/record	retain scoped statement; see canonical terminology	- runtime sharing は CPU/DB と ×16 group-ready、Close 後の保持量を改善するか。1 DB の failure/teardown が他 DB に波及しないか。
benchmarks/v04-default-runtime-migration.md	20	3	historical experiment/record	clarify named mechanism or annotate change-specific scope	use private writable views with independent MemFS nodes; no ready heap,
benchmarks/v04-default-runtime-migration.md	21	3	historical experiment/record	clarify named mechanism or annotate change-specific scope	live-worker restore, runtime sharing or OS fork was introduced.
benchmarks/v04-direct-link-baseline.md	22	3	historical experiment/record	clarify named mechanism or annotate change-specific scope	Fresh per-DB linear memory, thread/TLS/FD state, MemFS and prepared writable state; consuming cold Snapshot and verified independent Fork. No live heap/worker restoration, process fork, new CoW or runtime sharing.
benchmarks/v04-generated-go-candidate.md	341	1	historical experiment/record	retain scoped statement; see canonical terminology	- 新しい3テスト: allocation/copy上限、truncate/regrowと疎なwriteのzero-fill、O_TRUNC、append、WriteAt offset、private mapping再利用/detach、base/兄弟の内容とshutdown後の独立性。
benchmarks/v04-integrated-candidate.md	115	3	historical experiment/record	clarify named mechanism or annotate change-specific scope	Known-size cold regular copy now pre-sizes its exclusive destination with existing ftruncate before the unchanged 64 KiB copy loop. Seven C lines, no global MemFS growth change. The prior ~775 MiB destination growth history is materially reduced: actual Snapshot TotalAlloc remains ~278 MiB versus ~915 MiB, matching the lane’s ~636 MiB sampled resize reduction. Publication is not optimized. Snapshot still owns ~138 MiB of cold on-disk data, not the exited guest/MemFS. No CoW, format/API change, ready-heap restoration or production GC/scavenging policy is introduced.
benchmarks/v04-integrated-candidate.md	121	3	historical experiment/record	clarify named mechanism or annotate change-specific scope	Deferred: immutable Snapshot backing/CoW, deeper Snapshot publish work, mmap linear memory, full shared-memory race adaptation, forced guest kill/failure containment, legacy Wasmer removal, Go1.27.0/1.27.1 arm64 workaround, and MariaDB stable-version migration. No mariamem compiler workaround is used; those arm64 versions remain unsupported pending upstream-fixed Go. No v0.5 work starts here.
benchmarks/v04-snapshot-memory-lifetime.md	168	1	historical experiment/record	retain scoped statement; see canonical terminology	Production GC/FreeOSMemory, finalizers, mmap migration, CoW, API/format changes, race work, buffer tuning, canonical benchmark reruns and execution-architecture changes are out of scope. All 22 independent processes / 260 checkpoints completed (including two pure-Go controls); OS/FD counters were available at every checkpoint. Diagnostic SQL/fixture checks succeeded in every DB trial; harness build/scoped vet and diff checks are recorded with the tooling. Raw profiles/mappings are disposable external work; compact observations and hashes remain in the repository.
benchmarks/v04_direct_link_report.py	147	3	historical experiment/record	clarify named mechanism or annotate change-specific scope	             'Fresh per-DB linear memory, thread/TLS/FD state, MemFS and prepared writable state; consuming cold Snapshot and verified independent Fork. No live heap/worker restoration, process fork, new CoW or runtime sharing.', '',
benchmarks/v04_integrated_report.py	98	3	historical experiment/record	clarify named mechanism or annotate change-specific scope	              'Known-size cold regular copy now pre-sizes its exclusive destination with existing ftruncate before the unchanged 64 KiB copy loop. Seven C lines, no global MemFS growth change. The prior ~775 MiB destination growth history is materially reduced: actual Snapshot TotalAlloc remains ~278 MiB versus ~915 MiB, matching the lane’s ~636 MiB sampled resize reduction. Publication is not optimized. Snapshot still owns ~138 MiB of cold on-disk data, not the exited guest/MemFS. No CoW, format/API change, ready-heap restoration or production GC/scavenging policy is introduced.', '',
benchmarks/v04_integrated_report.py	102	1	historical experiment/record	retain scoped statement; see canonical terminology	              'Deferred: immutable Snapshot backing/CoW, deeper Snapshot publish work, mmap linear memory, full shared-memory race adaptation, forced guest kill/failure containment, legacy Wasmer removal, Go1.27.0/1.27.1 arm64 workaround, and MariaDB stable-version migration. No mariamem compiler workaround is used; those arm64 versions remain unsupported pending upstream-fixed Go. No v0.5 work starts here.', '',
benchmarks/v04_report.py	130	1	historical experiment/record	retain scoped statement; see canonical terminology	              '- CoW/shared prepared state は、同じ fixture・独立 DB semantics で ×1/4/8/16 の incremental footprint と total peak を下げられるか。初回書き込み後のコストはどう変わるか。',
benchmarks/v04_report.py	131	1	historical experiment/record	retain scoped statement; see canonical terminology	              '- runtime sharing は CPU/DB と ×16 group-ready、Close 後の保持量を改善するか。1 DB の failure/teardown が他 DB に波及しないか。',
benchmarks/wasm2go-feasibility.md	81	1	historical experiment/record	retain scoped statement; see canonical terminology	Wasmer が一般に持つ process fork/exec、network、journal 等を MariaDB の必須依存には追加しない。
benchmarks/wasm2go-feasibility.md	191	1	historical experiment/record	retain scoped statement; see canonical terminology	CoW/runtime-sharingとの比較順位は付けない。
benchmarks/wasm2go-feasibility.md	464	1	historical experiment/record	retain scoped statement; see canonical terminology	自然な isolation は独立 process のまま ×1/4/8/16、各3 independent group trials。CoW/runtime sharing を追加していない。
benchmarks/wasm2go-feasibility.md	653	1	historical experiment/record	retain scoped statement; see canonical terminology	各scale3回（分位数は探索値）。process/DB、shared-state/CoWは無し。
benchmarks/wasm2go-feasibility.md	739	1	historical experiment/record	retain scoped statement; see canonical terminology	production-readyではなく、残るruntime-contract監査・trust/lifecycle設計が必要。CoW/runtime-sharingとの順位や次のarchitectureは選んでいない。
benchmarks/wasm2go-feasibility.md	865	1	historical experiment/record	retain scoped statement; see canonical terminology	残るruntime-contract/trust/lifecycle課題、CoW/runtime-sharingとの比較未実施という範囲も変わらない。
docs/go.md	28	3	current documentation	clarify named mechanism or annotate change-specific scope	Each DB has fresh execution/thread/TLS/FD state and private writable files.
docs/project-status.md	45	3	current documentation	clarify named mechanism or annotate change-specific scope	TLS/FD state and private writable files. Snapshot/Fork reuses prepared files,
docs/project-status.md	46	1	current documentation	retain scoped statement; see canonical terminology	not ready heaps, live workers or waiter state; no Go process fork is used.
docs/project-status.md	223	3	current documentation	clarify named mechanism or annotate change-specific scope	CoW/immutable Snapshot views, runtime sharing, stronger hard failure containment,
docs/project-status.md	229	1	current documentation	retain scoped statement; see canonical terminology	[CoW evidence](../benchmarks/cow-feasibility.md) and
docs/release-readiness-v0.2.md	52	1	historical experiment/record	retain scoped statement; see canonical terminology	| R12 | DEFER | ORM/interface dogfood (GORM, SQLAlchemy, Django, dbt), further restore/latency work, precise memory ownership and sharing/VFS/CoW/continuation architectures are not required to close this release. No speculative experiment code should enter production provenance. |
docs/release-readiness-v0.3.md	88	1	historical experiment/record	retain scoped statement; see canonical terminology	| **DEFER** | Larger migration-heavy workloads, additional framework/version matrices, dbt, broader OS/architecture support, and CoW/runtime/VFS/sharing work belong to v0.4 or later investigation. |
docs/releasing.md	68	3	current documentation	clarify named mechanism or annotate change-specific scope	Each DB reconstructs fresh execution/thread/TLS/FD state and private writable
docs/v04-generated-go-architecture.md	28	3	current documentation	clarify named mechanism or annotate change-specific scope	Fork state and shutdown are verified. This is allocation reduction, not CoW or a
docs/v04-generated-go-architecture.md	47	3	current documentation	clarify named mechanism or annotate change-specific scope	retryable ownership. No Go-heap 2 GiB backing, GC policy, CoW or Snapshot format
docs/v04-generated-go-architecture.md	63	1	current documentation	retain scoped statement; see canonical terminology	| pre-init CoW | `8658310fce7745c7a8df04bc0aed7d7a6ce5ce14` |
docs/v04-generated-go-architecture.md	70	1	current documentation	retain scoped statement; see canonical terminology	No ready heap, live worker, TLS or futex-waiter restoration; no Go process fork.
docs/v04-generated-go-architecture.md	144	3	current documentation	clarify named mechanism or annotate change-specific scope	may back private writable views. Growing files must become child-owned; closing
docs/v04-generated-go-architecture.md	160	3	current documentation	clarify named mechanism or annotate change-specific scope	Fork verifies the prepared snapshot and creates private writable file state,
docs/v04-integration-audit.md	11	1	historical experiment/record	retain scoped statement; see canonical terminology	Architecture exploration is closed. No ready-heap reentry, CoW redesign, runtime
docs/v04-integration-audit.md	78	1	historical experiment/record	retain scoped statement; see canonical terminology	| benchmarks/wasm2go-feasibility.md, cow-feasibility.md, prepared-clone-feasibility.md, reentry-feasibility.md | HISTORICAL architecture evidence | Preserve GREEN candidate / RED reentry decisions; no new exploration. |
docs/v04-integration-audit.md	107	1	historical experiment/record	retain scoped statement; see canonical terminology	| EH/opcode reductions, guest-index wait traces, boundary-variant probes, CoW/prepared/reentry diagnostics, snapshot-audit-patch.json | spike-only/manual | Isolated independent modules; never part of ordinary test discovery or production runtime. |
docs/v04-release-ci-migration.md	109	1	historical experiment/record	retain scoped statement; see canonical terminology	CoW, MariaDB migration and v0.5 work are outside this task.
internal/generatedgo/code/base/memory_mapping.go	57	1	code/helper comment	retain scoped statement; see canonical terminology	"	// Anonymous memory has a new zero-filled object. No file, CoW fixture,"
internal/generatedgo/code/base/prepared_files.go	11	1	code/helper comment	retain scoped statement; see canonical terminology	// Each child owns its tree, descriptors, offsets and private writable views.
internal/generatedgo/code/base/sharedimage.go	3	1	unused converter helper; not production call path	retain scoped statement; see canonical terminology	// Shared, copy-on-write linear memory.
internal/generatedgo/code/base/sharedimage.go	11	1	unused converter helper; not production call path	retain scoped statement; see canonical terminology	// So build it ONCE per process and give every instance a private copy-on-write
internal/generatedgo/code/base/sharedimage.go	270	1	unused converter helper; not production call path	retain scoped statement; see canonical terminology	// Memory returns a private, copy-on-write mapping of the image, ceiling bytes
release/GO-v0.1.0-alpha.1.md	56	3	historical experiment/record	clarify named mechanism or annotate change-specific scope	- Snapshot is a cold filesystem snapshot, not a live/COW snapshot. Close the SQL pool and call WaitDisconnected before normal snapshot creation.
release/NOTES-v0.2.0.md	76	1	historical experiment/record	retain scoped statement; see canonical terminology	CoW/runtime-sharing designs are not claimed by v0.2.0. They remain later
release/NOTES-v0.4.0.md	17	3	historical experiment/record	clarify named mechanism or annotate change-specific scope	Each DB reconstructs fresh execution/thread/TLS/FD state and private writable
release/NOTES-v0.4.0.md	42	3	historical experiment/record	clarify named mechanism or annotate change-specific scope	Snapshot TotalAlloc from 914.83 to 278.17 MiB (**69.6%**). This is not CoW and
