boundary,payload_mib,label,trials,fork_samples,ready_p50_ms,ready_p95_ms,ready_cpu_p50_ms,preparation_s,snapshot_or_import_ms,fresh_start_ms,fork_loop_s,suite_n16_s,suite_n1_prefix_s,suite_cpu_s,fds_snapshot,fds_after,prepared_files,prepared_bytes,owned_fds
go,0,baseline,3,48,151.2027865,156.557514,178.21549999999985,0.465157003,382.135222,69.45493,3.510016504,3.9831884369999986,0.63752405,3.660856000000002,7,7,,,
go,0,candidate,3,48,63.550107,67.808141,72.67999999999991,0.487587765,381.61629899999997,96.045273,2.08544852,2.59917911,0.578099233,1.994228,18,7,,,
go,10,baseline,3,48,168.798542,177.556748,194.96899999999994,1.414313081,440.315046,73.28506399999999,4.588187919,6.011846528000001,1.6629593249999999,6.3293280000000065,7,7,,,
go,10,candidate,3,48,68.432567,81.155885,78.53000000000021,1.4158507710000001,443.092455,68.459938,2.191266258,4.321849887000002,1.568349881,4.431055999999999,18,7,,,
go,100,baseline,3,48,248.183407,257.84687499999995,276.1004999999983,9.672633777,781.6616250000001,69.565432,10.92599668,20.694834589000006,10.367778954999999,24.662289999999995,7,7,,,
go,100,candidate,3,48,65.009874,75.59808699999999,73.04399999999944,10.699424177,779.9535119999999,1069.7705529999998,7.893753858,19.014250792000002,11.216497424,21.414990999999986,18,7,,,
import,0,baseline,3,48,269.5405550000487,279.13476300000184,106.46549999999988,0.1068816650001736,106.8816650001736,0,4.809743585000433,4.919757906001223,0.4162166720004734,5.691125999999998,,,11,144788253,0
import,0,candidate,3,48,75.66126750009516,84.23169699995015,0.9230000000000071,0.156932697000002,156.932697000002,0,1.7614865699990787,1.924654290999115,0.27628416099992137,2.390057999999998,,,11,144788253,11
import,10,baseline,3,48,301.2802020000436,327.7762549998897,121.14799999999937,0.1213333389998752,121.3333389998752,0,6.2289808990005895,6.350318275000291,0.507008827999698,7.842728000000002,,,11,164646310,0
import,10,candidate,3,48,82.28455900007248,96.91905500017128,0.9179999999997523,0.17863352699987445,178.63352699987445,0,2.7240495760006525,2.909618775000581,0.3515443670003151,4.120319000000001,,,11,164646310,11
import,100,baseline,3,48,453.95750500006216,492.7659019999737,197.00400000000062,0.1972316349999801,197.2316349999801,0,14.445316913999477,14.642552135999267,1.1106950779999352,18.531588999999997,,,11,274746006,0
import,100,candidate,3,48,77.0359874999258,87.82721099987612,0.9369999999992995,0.2877868260000014,287.7868260000014,0,8.308869705001143,8.608271899001238,0.8286796239999603,12.153307999999996,,,11,274746006,11
